ISO-10303-21;
HEADER;
FILE_DESCRIPTION (( 'STEP AP203' ),
    '1' );
FILE_NAME ('HT4315ºó¸Ç.STEP',
    '2025-07-09T07:12:12',
    ( '' ),
    ( '' ),
    'SwSTEP 2.0',
    'SolidWorks 2023',
    '' );
FILE_SCHEMA (( 'CONFIG_CONTROL_DESIGN' ));
ENDSEC;

DATA;
#1 = EDGE_CURVE ( 'NONE', #625, #817, #1562, .T. ) ;
#2 = DIRECTION ( 'NONE',  ( -0.000000000000000000, 0.000000000000000000, 1.000000000000000000 ) ) ;
#3 = COORDINATED_UNIVERSAL_TIME_OFFSET ( 8, 0, .AHEAD. ) ;
#4 = AXIS2_PLACEMENT_3D ( 'NONE', #1867, #2097, #113 ) ;
#5 = AXIS2_PLACEMENT_3D ( 'NONE', #133, #2765, #2324 ) ;
#6 = CARTESIAN_POINT ( 'NONE',  ( -12.36180553784096681, 13.61180553784100944, -4.000000000000000000 ) ) ;
#7 = ORIENTED_EDGE ( 'NONE', *, *, #464, .F. ) ;
#8 = DIRECTION ( 'NONE',  ( -0.000000000000000000, -0.000000000000000000, 1.000000000000000000 ) ) ;
#9 = CARTESIAN_POINT ( 'NONE',  ( -13.61180553784101299, -13.61180553784106451, -0.5000000000000000000 ) ) ;
#10 = LINE ( 'NONE', #1602, #666 ) ;
#11 = ORIENTED_EDGE ( 'NONE', *, *, #353, .F. ) ;
#12 = VERTEX_POINT ( 'NONE', #1087 ) ;
#13 = CARTESIAN_POINT ( 'NONE',  ( -11.31180553784103715, 13.61180553784100944, -0.5000000000000000000 ) ) ;
#14 = CARTESIAN_POINT ( 'NONE',  ( -16.11180553784109648, 13.61180553784100944, -2.600000000000000089 ) ) ;
#15 = FACE_OUTER_BOUND ( 'NONE', #1705, .T. ) ;
#16 = EDGE_CURVE ( 'NONE', #2036, #2003, #1311, .T. ) ;
#17 = AXIS2_PLACEMENT_3D ( 'NONE', #1678, #2132, #2747 ) ;
#18 = CIRCLE ( 'NONE', #1122, 1.500000000000001332 ) ;
#19 = EDGE_CURVE ( 'NONE', #1295, #351, #2658, .T. ) ;
#20 = DIRECTION ( 'NONE',  ( 0.000000000000000000, 1.000000000000000000, -0.000000000000000000 ) ) ;
#21 = LOCAL_TIME ( 15, 12, 12.00000000000000000, #662 ) ;
#22 = AXIS2_PLACEMENT_3D ( 'NONE', #2704, #2720, #2006 ) ;
#23 = ORIENTED_EDGE ( 'NONE', *, *, #76, .T. ) ;
#24 = DIRECTION ( 'NONE',  ( 1.000000000000000000, 0.000000000000000000, 0.000000000000000000 ) ) ;
#25 = AXIS2_PLACEMENT_3D ( 'NONE', #2651, #2357, #362 ) ;
#26 = DIRECTION ( 'NONE',  ( -0.000000000000000000, 0.000000000000000000, 1.000000000000000000 ) ) ;
#27 = CARTESIAN_POINT ( 'NONE',  ( -11.11180553784027403, -13.61180553784104319, -2.600000000000000089 ) ) ;
#28 = VECTOR ( 'NONE', #2614, 1000.000000000000000 ) ;
#29 = CARTESIAN_POINT ( 'NONE',  ( -13.61180553784101299, -13.61180553784106451, -0.5000000000000000000 ) ) ;
#30 = CARTESIAN_POINT ( 'NONE',  ( -13.61180553784106806, 13.61180553784100944, -0.5000000000000000000 ) ) ;
#31 = DIRECTION ( 'NONE',  ( 1.000000000000000000, 0.000000000000000000, 0.000000000000000000 ) ) ;
#32 = DIRECTION ( 'NONE',  ( 0.000000000000000000, 0.000000000000000000, 1.000000000000000000 ) ) ;
#33 = EDGE_CURVE ( 'NONE', #2520, #2411, #690, .T. ) ;
#34 = DIRECTION ( 'NONE',  ( 1.000000000000000000, 0.000000000000000000, 0.000000000000000000 ) ) ;
#35 = ORIENTED_EDGE ( 'NONE', *, *, #1882, .T. ) ;
#36 = CARTESIAN_POINT ( 'NONE',  ( -0.000000000000000000, 3.356064408783718367, -4.000000000000000000 ) ) ;
#37 = ADVANCED_FACE ( 'NONE', ( #2048, #277 ), #2264, .F. ) ;
#38 = DIRECTION ( 'NONE',  ( 0.000000000000000000, 1.000000000000000000, 0.000000000000000000 ) ) ;
#39 = CARTESIAN_POINT ( 'NONE',  ( 0.000000000000000000, 3.356064408783718367, -4.000000000000000000 ) ) ;
#40 = CIRCLE ( 'NONE', #314, 2.800000000000087308 ) ;
#41 = DIRECTION ( 'NONE',  ( 1.000000000000000000, 0.000000000000000000, 0.000000000000000000 ) ) ;
#42 = CARTESIAN_POINT ( 'NONE',  ( -3.860904640204206463E-14, -14.99675905516695806, -4.000000000000000000 ) ) ;
#43 = FACE_OUTER_BOUND ( 'NONE', #2789, .T. ) ;
#44 = DIRECTION ( 'NONE',  ( -0.000000000000000000, 0.000000000000000000, 1.000000000000000000 ) ) ;
#45 = DIRECTION ( 'NONE',  ( 0.000000000000000000, -0.000000000000000000, -1.000000000000000000 ) ) ;
#46 = EDGE_LOOP ( 'NONE', ( #1298, #1459, #1973, #549 ) ) ;
#47 = PLANE ( 'NONE',  #418 ) ;
#48 = DIRECTION ( 'NONE',  ( 1.000000000000000000, 0.000000000000000000, 0.000000000000000000 ) ) ;
#49 = CYLINDRICAL_SURFACE ( 'NONE', #260, 23.69999999999999929 ) ;
#50 = CC_DESIGN_DATE_AND_TIME_ASSIGNMENT ( #450, #1333, ( #1967 ) ) ;
#51 = VECTOR ( 'NONE', #2084, 1000.000000000000000 ) ;
#52 = VECTOR ( 'NONE', #2091, 1000.000000000000000 ) ;
#53 = ADVANCED_FACE ( 'NONE', ( #1332, #1553 ), #1347, .F. ) ;
#54 = DIRECTION ( 'NONE',  ( 1.000000000000000000, 0.000000000000000000, 0.000000000000000000 ) ) ;
#55 = PLANE ( 'NONE',  #2449 ) ;
#56 = DIRECTION ( 'NONE',  ( 1.000000000000000000, 0.000000000000000000, 0.000000000000000000 ) ) ;
#57 = VECTOR ( 'NONE', #2302, 1000.000000000000000 ) ;
#58 = CARTESIAN_POINT ( 'NONE',  ( -13.61180553784027580, -13.61180553784104319, -4.000000000000000000 ) ) ;
#59 = UNCERTAINTY_MEASURE_WITH_UNIT (LENGTH_MEASURE( 1.000000000000000082E-05 ), #825, 'distance_accuracy_value', 'NONE');
#60 = LINE ( 'NONE', #278, #2808 ) ;
#61 = ORIENTED_EDGE ( 'NONE', *, *, #1914, .T. ) ;
#62 = DIRECTION ( 'NONE',  ( -1.000000000000000000, 0.000000000000000000, 0.000000000000000000 ) ) ;
#63 = AXIS2_PLACEMENT_3D ( 'NONE', #190, #1990, #1272 ) ;
#64 = CARTESIAN_POINT ( 'NONE',  ( 13.61180553784144465, -13.61180553784025449, -0.5000000000000000000 ) ) ;
#65 = CIRCLE ( 'NONE', #1783, 2.500000000000031530 ) ;
#66 = AXIS2_PLACEMENT_3D ( 'NONE', #477, #248, #2252 ) ;
#67 = CARTESIAN_POINT ( 'NONE',  ( -13.61180553784106806, 13.61180553784100944, 0.000000000000000000 ) ) ;
#68 = VERTEX_POINT ( 'NONE', #2238 ) ;
#69 = CIRCLE ( 'NONE', #522, 1.250000000000297762 ) ;
#70 = DIRECTION ( 'NONE',  ( 0.000000000000000000, 1.000000000000000000, 0.000000000000000000 ) ) ;
#71 = ADVANCED_FACE ( 'NONE', ( #678, #2225 ), #1831, .F. ) ;
#72 = DIRECTION ( 'NONE',  ( 1.000000000000000000, 0.000000000000000000, 0.000000000000000000 ) ) ;
#73 = FACE_OUTER_BOUND ( 'NONE', #387, .T. ) ;
#74 = EDGE_CURVE ( 'NONE', #335, #913, #1362, .T. ) ;
#75 = VERTEX_POINT ( 'NONE', #264 ) ;
#76 = EDGE_CURVE ( 'NONE', #841, #316, #2474, .T. ) ;
#77 = VECTOR ( 'NONE', #301, 1000.000000000000000 ) ;
#78 = VERTEX_POINT ( 'NONE', #2023 ) ;
#79 = CARTESIAN_POINT ( 'NONE',  ( 0.000000000000000000, 0.000000000000000000, -9.500000000000000000 ) ) ;
#80 = DIRECTION ( 'NONE',  ( 0.000000000000000000, 0.000000000000000000, -1.000000000000000000 ) ) ;
#81 = DIRECTION ( 'NONE',  ( 0.000000000000000000, 0.000000000000000000, 1.000000000000000000 ) ) ;
#82 = ORIENTED_EDGE ( 'NONE', *, *, #559, .T. ) ;
#83 = DIRECTION ( 'NONE',  ( 0.000000000000000000, -1.000000000000000000, 0.000000000000000000 ) ) ;
#84 = DIRECTION ( 'NONE',  ( -0.000000000000000000, 0.000000000000000000, 1.000000000000000000 ) ) ;
#85 = FACE_OUTER_BOUND ( 'NONE', #380, .T. ) ;
#86 = VECTOR ( 'NONE', #2314, 1000.000000000000000 ) ;
#87 = VERTEX_POINT ( 'NONE', #2690 ) ;
#88 = CARTESIAN_POINT ( 'NONE',  ( -13.61180553784082470, -13.61180553784087799, -4.000000000000000000 ) ) ;
#89 = EDGE_CURVE ( 'NONE', #1276, #2591, #1687, .T. ) ;
#90 = EDGE_CURVE ( 'NONE', #1515, #304, #2388, .T. ) ;
#91 = ORIENTED_EDGE ( 'NONE', *, *, #1011, .F. ) ;
#92 = LINE ( 'NONE', #36, #2558 ) ;
#93 = CARTESIAN_POINT ( 'NONE',  ( -4.374452428089294465, -16.25467321471739268, -4.000000000000000000 ) ) ;
#94 = FACE_OUTER_BOUND ( 'NONE', #1035, .T. ) ;
#95 = VERTEX_POINT ( 'NONE', #1816 ) ;
#96 = CARTESIAN_POINT ( 'NONE',  ( -11.11180553784103608, 13.61180553784100944, -4.000000000000000000 ) ) ;
#97 = AXIS2_PLACEMENT_3D ( 'NONE', #1585, #280, #482 ) ;
#98 = FACE_OUTER_BOUND ( 'NONE', #1952, .T. ) ;
#99 = DIRECTION ( 'NONE',  ( -1.000000000000000000, 0.000000000000000000, 0.000000000000000000 ) ) ;
#100 = EDGE_LOOP ( 'NONE', ( #2350, #2775, #2555, #2600 ) ) ;
#101 = DIRECTION ( 'NONE',  ( 1.000000000000000000, 0.000000000000000000, 0.000000000000000000 ) ) ;
#102 = EDGE_CURVE ( 'NONE', #1985, #1206, #2061, .T. ) ;
#103 = VERTEX_POINT ( 'NONE', #704 ) ;
#104 = CARTESIAN_POINT ( 'NONE',  ( 17.38794076175697967, -17.26005550586760506, -1.499999999999999556 ) ) ;
#105 = EDGE_LOOP ( 'NONE', ( #1451, #1906 ) ) ;
#106 = DIRECTION ( 'NONE',  ( -0.000000000000000000, 0.000000000000000000, 1.000000000000000000 ) ) ;
#107 = VERTEX_POINT ( 'NONE', #718 ) ;
#108 = CIRCLE ( 'NONE', #1869, 1.500000000000000000 ) ;
#109 = ADVANCED_FACE ( 'NONE', ( #15 ), #2489, .T. ) ;
#110 = AXIS2_PLACEMENT_3D ( 'NONE', #1767, #2216, #2259 ) ;
#111 = DIRECTION ( 'NONE',  ( -0.000000000000000000, 0.000000000000000000, 1.000000000000000000 ) ) ;
#112 = LINE ( 'NONE', #2287, #57 ) ;
#113 = DIRECTION ( 'NONE',  ( 1.000000000000000000, 2.256700978985438287E-16, 0.000000000000000000 ) ) ;
#114 = ORGANIZATION ( 'æœª', 'æœª', '' ) ;
#115 = AXIS2_PLACEMENT_3D ( 'NONE', #2843, #1749, #2638 ) ;
#116 = ORIENTED_EDGE ( 'NONE', *, *, #368, .T. ) ;
#117 = DIRECTION ( 'NONE',  ( 1.000000000000000000, 0.000000000000000000, 0.000000000000000000 ) ) ;
#118 = VECTOR ( 'NONE', #918, 1000.000000000000000 ) ;
#119 = ORIENTED_EDGE ( 'NONE', *, *, #2696, .T. ) ;
#120 = DIRECTION ( 'NONE',  ( 0.000000000000000000, -0.000000000000000000, -1.000000000000000000 ) ) ;
#121 = EDGE_CURVE ( 'NONE', #2543, #2120, #664, .T. ) ;
#122 = ORIENTED_EDGE ( 'NONE', *, *, #2750, .T. ) ;
#123 = FACE_OUTER_BOUND ( 'NONE', #1654, .T. ) ;
#124 = ORIENTED_EDGE ( 'NONE', *, *, #2319, .T. ) ;
#125 = ORIENTED_EDGE ( 'NONE', *, *, #1608, .T. ) ;
#126 = EDGE_CURVE ( 'NONE', #78, #1072, #801, .T. ) ;
#127 = EDGE_CURVE ( 'NONE', #185, #1019, #223, .T. ) ;
#128 = CARTESIAN_POINT ( 'NONE',  ( -17.38794076175697967, -17.26005550586760506, -4.000000000000000000 ) ) ;
#129 = DIRECTION ( 'NONE',  ( 0.000000000000000000, 0.000000000000000000, 1.000000000000000000 ) ) ;
#130 = ORIENTED_EDGE ( 'NONE', *, *, #1479, .F. ) ;
#131 = CARTESIAN_POINT ( 'NONE',  ( 12.36180553784103964, -13.61180553784101299, -4.000000000000000000 ) ) ;
#132 = ORIENTED_EDGE ( 'NONE', *, *, #2237, .F. ) ;
#133 = CARTESIAN_POINT ( 'NONE',  ( 13.61180553784101299, 13.61180553784106628, -2.000000000000000000 ) ) ;
#134 = AXIS2_PLACEMENT_3D ( 'NONE', #1710, #1055, #1009 ) ;
#135 = ORIENTED_EDGE ( 'NONE', *, *, #2750, .F. ) ;
#136 = PLANE ( 'NONE',  #982 ) ;
#137 = VERTEX_POINT ( 'NONE', #1092 ) ;
#138 = EDGE_LOOP ( 'NONE', ( #1617, #1414, #2875, #1951 ) ) ;
#139 = CARTESIAN_POINT ( 'NONE',  ( -13.61180553784027580, -13.61180553784104319, -2.600000000000000089 ) ) ;
#140 = DIRECTION ( 'NONE',  ( 0.000000000000000000, -1.000000000000000000, 0.000000000000000000 ) ) ;
#141 = EDGE_CURVE ( 'NONE', #2359, #103, #1991, .T. ) ;
#142 = DIRECTION ( 'NONE',  ( 0.000000000000000000, 0.000000000000000000, 1.000000000000000000 ) ) ;
#143 = EDGE_LOOP ( 'NONE', ( #125, #2162 ) ) ;
#144 = PLANE ( 'NONE',  #2479 ) ;
#145 = LINE ( 'NONE', #1915, #1918 ) ;
#146 = DIRECTION ( 'NONE',  ( 0.000000000000000000, 0.000000000000000000, -1.000000000000000000 ) ) ;
#147 = ORIENTED_EDGE ( 'NONE', *, *, #2089, .T. ) ;
#148 = CARTESIAN_POINT ( 'NONE',  ( -9.530482940345283538, 0.000000000000000000, -4.000000000000000000 ) ) ;
#149 = ORIENTED_EDGE ( 'NONE', *, *, #249, .T. ) ;
#150 = ORIENTED_EDGE ( 'NONE', *, *, #33, .F. ) ;
#151 = DIRECTION ( 'NONE',  ( 1.000000000000000000, 0.000000000000000000, 0.000000000000000000 ) ) ;
#152 = CARTESIAN_POINT ( 'NONE',  ( 14.86180553784110359, -13.61180553784101299, -4.000000000000000000 ) ) ;
#153 = CIRCLE ( 'NONE', #1781, 2.300000000000086864 ) ;
#154 = CARTESIAN_POINT ( 'NONE',  ( 13.61180553784107161, -13.61180553784101299, -4.000000000000000000 ) ) ;
#155 = TOROIDAL_SURFACE ( 'NONE', #850, 2.800000000000030465, 0.5000000000000000000 ) ;
#156 = ADVANCED_FACE ( 'NONE', ( #2663 ), #2448, .F. ) ;
#157 = ORIENTED_EDGE ( 'NONE', *, *, #1134, .F. ) ;
#158 = ORIENTED_EDGE ( 'NONE', *, *, #1700, .T. ) ;
#159 = AXIS2_PLACEMENT_3D ( 'NONE', #897, #1594, #1607 ) ;
#160 = CARTESIAN_POINT ( 'NONE',  ( -16.19312813533647955, 6.699999999999998401, -4.000000000000000000 ) ) ;
#161 = EDGE_CURVE ( 'NONE', #2120, #2051, #1071, .T. ) ;
#162 = CIRCLE ( 'NONE', #805, 1.250000000000297762 ) ;
#163 = PERSON_AND_ORGANIZATION ( #2575, #114 ) ;
#164 = CIRCLE ( 'NONE', #2394, 2.800000000000030020 ) ;
#165 = CARTESIAN_POINT ( 'NONE',  ( 14.86180553784101654, 13.61180553784106628, -4.000000000000000000 ) ) ;
#166 = EDGE_CURVE ( 'NONE', #198, #2381, #677, .T. ) ;
#167 = ORIENTED_EDGE ( 'NONE', *, *, #2319, .F. ) ;
#168 = PLANE ( 'NONE',  #2103 ) ;
#169 = ORIENTED_EDGE ( 'NONE', *, *, #1107, .F. ) ;
#170 = VERTEX_POINT ( 'NONE', #1787 ) ;
#171 = CARTESIAN_POINT ( 'NONE',  ( 0.000000000000000000, -6.200000000000000178, -9.500000000000000000 ) ) ;
#172 = CARTESIAN_POINT ( 'NONE',  ( -15.84536521140326393, -16.25467321471739268, -10.50000000000000000 ) ) ;
#173 = PLANE ( 'NONE',  #1859 ) ;
#174 = VERTEX_POINT ( 'NONE', #13 ) ;
#175 = EDGE_LOOP ( 'NONE', ( #1214, #2860 ) ) ;
#176 = DIRECTION ( 'NONE',  ( 1.000000000000000000, 0.000000000000000000, 0.000000000000000000 ) ) ;
#177 = DIRECTION ( 'NONE',  ( 0.000000000000000000, 0.000000000000000000, 1.000000000000000000 ) ) ;
#178 = CC_DESIGN_PERSON_AND_ORGANIZATION_ASSIGNMENT ( #622, #392, ( #1498 ) ) ;
#179 = EDGE_CURVE ( 'NONE', #2381, #316, #646, .T. ) ;
#180 = FACE_OUTER_BOUND ( 'NONE', #1640, .T. ) ;
#181 = CIRCLE ( 'NONE', #1095, 2.500000000000000444 ) ;
#182 = VERTEX_POINT ( 'NONE', #2676 ) ;
#183 = DIRECTION ( 'NONE',  ( -0.000000000000000000, 0.000000000000000000, 1.000000000000000000 ) ) ;
#184 = ORIENTED_EDGE ( 'NONE', *, *, #732, .T. ) ;
#185 = VERTEX_POINT ( 'NONE', #659 ) ;
#186 = DIRECTION ( 'NONE',  ( 1.000000000000000000, 0.000000000000000000, 0.000000000000000000 ) ) ;
#187 = CARTESIAN_POINT ( 'NONE',  ( -16.41180553784110074, 13.61180553784100944, -0.5000000000000000000 ) ) ;
#188 = ORIENTED_EDGE ( 'NONE', *, *, #1948, .F. ) ;
#189 = ORIENTED_EDGE ( 'NONE', *, *, #2699, .F. ) ;
#190 = CARTESIAN_POINT ( 'NONE',  ( 0.000000000000000000, 0.000000000000000000, -10.50000000000000000 ) ) ;
#191 =( NAMED_UNIT ( * ) PLANE_ANGLE_UNIT ( ) SI_UNIT ( $, .RADIAN. ) );
#192 = VECTOR ( 'NONE', #2499, 1000.000000000000000 ) ;
#193 = VECTOR ( 'NONE', #383, 1000.000000000000000 ) ;
#194 = ADVANCED_FACE ( 'NONE', ( #2020 ), #2428, .F. ) ;
#195 = EDGE_LOOP ( 'NONE', ( #562, #91, #1104, #993 ) ) ;
#196 = DIRECTION ( 'NONE',  ( 1.000000000000000000, 2.256700978985438287E-16, 0.000000000000000000 ) ) ;
#197 = ORIENTED_EDGE ( 'NONE', *, *, #2183, .F. ) ;
#198 = VERTEX_POINT ( 'NONE', #1564 ) ;
#199 = EDGE_CURVE ( 'NONE', #174, #1938, #2152, .T. ) ;
#200 = DIRECTION ( 'NONE',  ( 1.000000000000000000, 0.000000000000000000, 0.000000000000000000 ) ) ;
#201 = LINE ( 'NONE', #1755, #2383 ) ;
#202 = ORIENTED_EDGE ( 'NONE', *, *, #761, .T. ) ;
#203 = ORIENTED_EDGE ( 'NONE', *, *, #265, .F. ) ;
#204 = CARTESIAN_POINT ( 'NONE',  ( 13.61180553784100589, 13.61180553784106451, -2.000000000000000000 ) ) ;
#205 = CIRCLE ( 'NONE', #616, 22.69999999999999929 ) ;
#206 = APPLICATION_PROTOCOL_DEFINITION ( 'international standard', 'config_control_design', 1994, #2336 ) ;
#207 = VECTOR ( 'NONE', #2030, 1000.000000000000000 ) ;
#208 = CIRCLE ( 'NONE', #1636, 0.5000000000000000000 ) ;
#209 = VECTOR ( 'NONE', #1349, 1000.000000000000114 ) ;
#210 = VERTEX_POINT ( 'NONE', #909 ) ;
#211 = EDGE_LOOP ( 'NONE', ( #357, #1839, #1073, #545 ) ) ;
#212 = EDGE_LOOP ( 'NONE', ( #1042, #2867, #2639, #2842 ) ) ;
#213 = CARTESIAN_POINT ( 'NONE',  ( -16.19312813533647955, 0.000000000000000000, -4.000000000000000000 ) ) ;
#214 = DIRECTION ( 'NONE',  ( 1.000000000000000000, 0.000000000000000000, 0.000000000000000000 ) ) ;
#215 = DIRECTION ( 'NONE',  ( 1.000000000000000000, 0.000000000000000000, 0.000000000000000000 ) ) ;
#216 = APPROVAL ( #1763, 'æœª' ) ;
#217 = ADVANCED_FACE ( 'NONE', ( #1812 ), #2446, .T. ) ;
#218 = AXIS2_PLACEMENT_3D ( 'NONE', #956, #1386, #72 ) ;
#219 = ORIENTED_EDGE ( 'NONE', *, *, #1032, .F. ) ;
#220 = ORIENTED_EDGE ( 'NONE', *, *, #421, .T. ) ;
#221 = DIRECTION ( 'NONE',  ( -0.000000000000000000, -0.000000000000000000, 1.000000000000000000 ) ) ;
#222 = CARTESIAN_POINT ( 'NONE',  ( -8.530482940345283538, 2.356064408783718367, -4.000000000000000000 ) ) ;
#223 = LINE ( 'NONE', #2678, #937 ) ;
#224 = CALENDAR_DATE ( 2025, 9, 7 ) ;
#225 = FACE_OUTER_BOUND ( 'NONE', #2804, .T. ) ;
#226 = VERTEX_POINT ( 'NONE', #2223 ) ;
#227 = CARTESIAN_POINT ( 'NONE',  ( -4.374452428089294465, 0.000000000000000000, -4.000000000000000000 ) ) ;
#228 = VECTOR ( 'NONE', #996, 1000.000000000000000 ) ;
#229 = DIRECTION ( 'NONE',  ( 0.000000000000000000, -1.000000000000000000, 0.000000000000000000 ) ) ;
#230 = CYLINDRICAL_SURFACE ( 'NONE', #901, 2.300000000000086864 ) ;
#231 = CARTESIAN_POINT ( 'NONE',  ( -17.19312813533616691, 2.356064408783718367, -4.000000000000000000 ) ) ;
#232 = VERTEX_POINT ( 'NONE', #1800 ) ;
#233 = EDGE_CURVE ( 'NONE', #1691, #2170, #1105, .T. ) ;
#234 = VERTEX_POINT ( 'NONE', #1137 ) ;
#235 = CARTESIAN_POINT ( 'NONE',  ( 15.69703148767725231, -16.39815159127287814, -5.672372720503441101 ) ) ;
#236 = CARTESIAN_POINT ( 'NONE',  ( -8.530482940345283538, 0.000000000000000000, -4.000000000000000000 ) ) ;
#237 = DIRECTION ( 'NONE',  ( 0.000000000000000000, 0.000000000000000000, 1.000000000000000000 ) ) ;
#238 = CIRCLE ( 'NONE', #1722, 2.500000000000031530 ) ;
#239 = LINE ( 'NONE', #2450, #2483 ) ;
#240 = VERTEX_POINT ( 'NONE', #2688 ) ;
#241 = DIRECTION ( 'NONE',  ( 1.000000000000000000, 0.000000000000000000, 0.000000000000000000 ) ) ;
#242 = DIRECTION ( 'NONE',  ( -1.000000000000000000, 0.000000000000000000, 0.000000000000000000 ) ) ;
#243 = DIRECTION ( 'NONE',  ( 0.000000000000000000, 0.000000000000000000, 1.000000000000000000 ) ) ;
#244 = LINE ( 'NONE', #1397, #2622 ) ;
#245 = CARTESIAN_POINT ( 'NONE',  ( -15.91180553784121798, -13.61180553784106451, -2.000000000000000000 ) ) ;
#246 = DIRECTION ( 'NONE',  ( 0.000000000000000000, 0.000000000000000000, 1.000000000000000000 ) ) ;
#247 = ADVANCED_FACE ( 'NONE', ( #2472 ), #2209, .F. ) ;
#248 = DIRECTION ( 'NONE',  ( -0.000000000000000000, 0.000000000000000000, 1.000000000000000000 ) ) ;
#249 = EDGE_CURVE ( 'NONE', #232, #1603, #2246, .T. ) ;
#250 = AXIS2_PLACEMENT_3D ( 'NONE', #2177, #1516, #403 ) ;
#251 = VECTOR ( 'NONE', #1572, 1000.000000000000000 ) ;
#252 = DIRECTION ( 'NONE',  ( 1.000000000000000000, 0.000000000000000000, 0.000000000000000000 ) ) ;
#253 = CC_DESIGN_APPROVAL ( #216, ( #2577 ) ) ;
#254 = AXIS2_PLACEMENT_3D ( 'NONE', #866, #1759, #934 ) ;
#255 = ORIENTED_EDGE ( 'NONE', *, *, #1488, .T. ) ;
#256 = PLANE ( 'NONE',  #692 ) ;
#257 = VECTOR ( 'NONE', #1641, 1000.000000000000000 ) ;
#258 = CARTESIAN_POINT ( 'NONE',  ( -17.19312813533679218, 6.200000000000000178, 0.000000000000000000 ) ) ;
#259 = CARTESIAN_POINT ( 'NONE',  ( -13.61180553784106806, 13.61180553784100944, 0.000000000000000000 ) ) ;
#260 = AXIS2_PLACEMENT_3D ( 'NONE', #2467, #673, #1353 ) ;
#261 = CARTESIAN_POINT ( 'NONE',  ( 0.000000000000000000, 0.000000000000000000, -11.50000000000000000 ) ) ;
#262 = CARTESIAN_POINT ( 'NONE',  ( -10.81180553784080978, -13.61180553784106451, -0.5000000000000000000 ) ) ;
#263 = LINE ( 'NONE', #236, #735 ) ;
#264 = CARTESIAN_POINT ( 'NONE',  ( 24.50000000000000711, 0.000000000000000000, -9.500000000000000000 ) ) ;
#265 = EDGE_CURVE ( 'NONE', #1556, #1981, #2290, .T. ) ;
#266 = DIRECTION ( 'NONE',  ( 1.000000000000000000, 0.000000000000000000, 0.000000000000000000 ) ) ;
#267 = EDGE_CURVE ( 'NONE', #1758, #2780, #208, .T. ) ;
#268 = CIRCLE ( 'NONE', #2636, 23.69999999999999929 ) ;
#269 = ORIENTED_EDGE ( 'NONE', *, *, #1379, .F. ) ;
#270 = DIRECTION ( 'NONE',  ( -0.000000000000000000, 0.000000000000000000, 1.000000000000000000 ) ) ;
#271 = CARTESIAN_POINT ( 'NONE',  ( 4.374452428089294465, -9.814665547863189232, -2.600000000000000089 ) ) ;
#272 = DIRECTION ( 'NONE',  ( -0.000000000000000000, 0.000000000000000000, 1.000000000000000000 ) ) ;
#273 = CIRCLE ( 'NONE', #1789, 23.69999999999999929 ) ;
#274 = CARTESIAN_POINT ( 'NONE',  ( 15.20166056502939078, -17.26005550586760506, 0.000000000000000000 ) ) ;
#275 = DIRECTION ( 'NONE',  ( 0.000000000000000000, 0.000000000000000000, 1.000000000000000000 ) ) ;
#276 = CARTESIAN_POINT ( 'NONE',  ( -15.69312813533679041, 3.856064408783717479, -2.600000000000000089 ) ) ;
#277 = FACE_OUTER_BOUND ( 'NONE', #1181, .T. ) ;
#278 = CARTESIAN_POINT ( 'NONE',  ( -17.19312813533616691, 0.000000000000000000, -2.600000000000000089 ) ) ;
#279 = ORIENTED_EDGE ( 'NONE', *, *, #2733, .F. ) ;
#280 = DIRECTION ( 'NONE',  ( 0.000000000000000000, 0.000000000000000000, 1.000000000000000000 ) ) ;
#281 = EDGE_CURVE ( 'NONE', #1772, #68, #2759, .T. ) ;
#282 = DIRECTION ( 'NONE',  ( -0.000000000000000000, 0.000000000000000000, 1.000000000000000000 ) ) ;
#283 = CARTESIAN_POINT ( 'NONE',  ( 12.36180553784103964, -13.61180553784101299, -2.000000000000000000 ) ) ;
#284 = ORIENTED_EDGE ( 'NONE', *, *, #960, .T. ) ;
#285 = EDGE_CURVE ( 'NONE', #1835, #1530, #1499, .T. ) ;
#286 = CARTESIAN_POINT ( 'NONE',  ( 4.374452428089294465, 0.000000000000000000, 0.000000000000000000 ) ) ;
#287 = CARTESIAN_POINT ( 'NONE',  ( 13.61180553784107161, -13.61180553784101299, -4.000000000000000000 ) ) ;
#288 = CARTESIAN_POINT ( 'NONE',  ( -13.61180553784106806, 13.61180553784100944, -0.5000000000000000000 ) ) ;
#289 = ORIENTED_EDGE ( 'NONE', *, *, #1326, .T. ) ;
#290 = ORIENTED_EDGE ( 'NONE', *, *, #977, .T. ) ;
#291 = LINE ( 'NONE', #1417, #2321 ) ;
#292 = CARTESIAN_POINT ( 'NONE',  ( 0.000000000000000000, 0.000000000000000000, -10.50000000000000000 ) ) ;
#293 = VECTOR ( 'NONE', #1083, 1000.000000000000000 ) ;
#294 = AXIS2_PLACEMENT_3D ( 'NONE', #1151, #1317, #1111 ) ;
#295 = FACE_OUTER_BOUND ( 'NONE', #1053, .T. ) ;
#296 = EDGE_LOOP ( 'NONE', ( #2356, #1965, #865, #255 ) ) ;
#297 = AXIS2_PLACEMENT_3D ( 'NONE', #1834, #1538, #438 ) ;
#298 = CC_DESIGN_PERSON_AND_ORGANIZATION_ASSIGNMENT ( #1046, #433, ( #2577 ) ) ;
#299 = AXIS2_PLACEMENT_3D ( 'NONE', #2204, #2833, #1293 ) ;
#300 = CARTESIAN_POINT ( 'NONE',  ( 4.374452428089294465, 0.000000000000000000, -4.000000000000000000 ) ) ;
#301 = DIRECTION ( 'NONE',  ( 0.000000000000000000, 0.000000000000000000, 1.000000000000000000 ) ) ;
#302 = EDGE_CURVE ( 'NONE', #1556, #419, #2716, .T. ) ;
#303 = CARTESIAN_POINT ( 'NONE',  ( -15.69312813533626105, -14.99675905516664898, -4.000000000000000000 ) ) ;
#304 = VERTEX_POINT ( 'NONE', #985 ) ;
#305 = FACE_OUTER_BOUND ( 'NONE', #974, .T. ) ;
#306 = ORIENTED_EDGE ( 'NONE', *, *, #1086, .F. ) ;
#307 = DIRECTION ( 'NONE',  ( 0.000000000000000000, 0.000000000000000000, 1.000000000000000000 ) ) ;
#308 = DIRECTION ( 'NONE',  ( 1.000000000000000000, 0.000000000000000000, 0.000000000000000000 ) ) ;
#309 = DIRECTION ( 'NONE',  ( 0.000000000000000000, 0.000000000000000000, 1.000000000000000000 ) ) ;
#310 = ORIENTED_EDGE ( 'NONE', *, *, #543, .T. ) ;
#311 = CARTESIAN_POINT ( 'NONE',  ( -10.81180553784080978, -13.61180553784106451, 0.000000000000000000 ) ) ;
#312 = DIRECTION ( 'NONE',  ( 1.000000000000000000, 0.000000000000000000, 0.000000000000000000 ) ) ;
#313 = CARTESIAN_POINT ( 'NONE',  ( 0.000000000000000000, -17.05467321471739339, -6.000000000000000000 ) ) ;
#314 = AXIS2_PLACEMENT_3D ( 'NONE', #1211, #120, #975 ) ;
#315 = ADVANCED_FACE ( 'NONE', ( #2057 ), #970, .F. ) ;
#316 = VERTEX_POINT ( 'NONE', #2083 ) ;
#317 = CYLINDRICAL_SURFACE ( 'NONE', #2332, 2.300000000000202771 ) ;
#318 = ORIENTED_EDGE ( 'NONE', *, *, #386, .F. ) ;
#319 = CARTESIAN_POINT ( 'NONE',  ( 15.20166056502939078, -17.26005550586760506, 0.000000000000000000 ) ) ;
#320 = ORIENTED_EDGE ( 'NONE', *, *, #365, .T. ) ;
#321 = CARTESIAN_POINT ( 'NONE',  ( 21.83689538373071670, 6.200000000000000178, -5.000000000000000000 ) ) ;
#322 = ORIENTED_EDGE ( 'NONE', *, *, #598, .T. ) ;
#323 = LINE ( 'NONE', #568, #1568 ) ;
#324 = CIRCLE ( 'NONE', #1953, 2.300000000000031353 ) ;
#325 = AXIS2_PLACEMENT_3D ( 'NONE', #2365, #2011, #24 ) ;
#326 = DIRECTION ( 'NONE',  ( 0.000000000000000000, 0.000000000000000000, 1.000000000000000000 ) ) ;
#327 = CARTESIAN_POINT ( 'NONE',  ( -4.374452428089294465, 0.000000000000000000, -2.600000000000000089 ) ) ;
#328 = ORIENTED_EDGE ( 'NONE', *, *, #2438, .F. ) ;
#329 = DIRECTION ( 'NONE',  ( 1.000000000000000000, 0.000000000000000000, 0.000000000000000000 ) ) ;
#330 = EDGE_CURVE ( 'NONE', #2633, #1072, #1854, .T. ) ;
#331 = EDGE_CURVE ( 'NONE', #2309, #1540, #112, .T. ) ;
#332 = EDGE_CURVE ( 'NONE', #958, #1210, #558, .T. ) ;
#333 = ORIENTED_EDGE ( 'NONE', *, *, #281, .T. ) ;
#334 = DIRECTION ( 'NONE',  ( 0.000000000000000000, 1.000000000000000000, 0.000000000000000000 ) ) ;
#335 = VERTEX_POINT ( 'NONE', #1826 ) ;
#336 = CARTESIAN_POINT ( 'NONE',  ( -14.86180553784116931, 13.61180553784100944, -4.000000000000000000 ) ) ;
#337 = ORIENTED_EDGE ( 'NONE', *, *, #2131, .T. ) ;
#338 = VERTEX_POINT ( 'NONE', #1884 ) ;
#339 = CIRCLE ( 'NONE', #2150, 2.300000000000730349 ) ;
#340 = LINE ( 'NONE', #584, #2076 ) ;
#341 = CARTESIAN_POINT ( 'NONE',  ( 0.000000000000000000, 2.356064408783718367, -4.000000000000000000 ) ) ;
#342 = CARTESIAN_POINT ( 'NONE',  ( -16.11180553784027580, -13.61180553784104319, -2.600000000000000089 ) ) ;
#343 = ORIENTED_EDGE ( 'NONE', *, *, #1520, .F. ) ;
#344 = CYLINDRICAL_SURFACE ( 'NONE', #892, 2.500000000000054179 ) ;
#345 = ORIENTED_EDGE ( 'NONE', *, *, #623, .F. ) ;
#346 = CARTESIAN_POINT ( 'NONE',  ( -23.69999999999999929, 2.902412913979227034E-15, -11.50000000000000000 ) ) ;
#347 = ADVANCED_FACE ( 'NONE', ( #741 ), #2562, .T. ) ;
#348 = ADVANCED_FACE ( 'NONE', ( #98 ), #1646, .F. ) ;
#349 = EDGE_LOOP ( 'NONE', ( #1648, #2496, #1712, #799 ) ) ;
#350 = FACE_BOUND ( 'NONE', #1961, .T. ) ;
#351 = VERTEX_POINT ( 'NONE', #527 ) ;
#352 = ORIENTED_EDGE ( 'NONE', *, *, #2649, .F. ) ;
#353 = EDGE_CURVE ( 'NONE', #240, #572, #931, .T. ) ;
#354 = CARTESIAN_POINT ( 'NONE',  ( 22.69999999999999929, 0.000000000000000000, -9.500000000000000000 ) ) ;
#355 = DIRECTION ( 'NONE',  ( 1.000000000000000000, 0.000000000000000000, 0.000000000000000000 ) ) ;
#356 = CARTESIAN_POINT ( 'NONE',  ( -13.61180553784106806, 13.61180553784100944, -2.600000000000000089 ) ) ;
#357 = ORIENTED_EDGE ( 'NONE', *, *, #526, .F. ) ;
#358 = DIRECTION ( 'NONE',  ( 1.000000000000000000, 0.000000000000000000, 0.000000000000000000 ) ) ;
#359 = FACE_BOUND ( 'NONE', #1251, .T. ) ;
#360 = CARTESIAN_POINT ( 'NONE',  ( -15.84536521140326570, -16.25467321471739268, -4.000000000000000000 ) ) ;
#361 = ORIENTED_EDGE ( 'NONE', *, *, #1219, .F. ) ;
#362 = DIRECTION ( 'NONE',  ( 1.000000000000000000, 0.000000000000000000, 0.000000000000000000 ) ) ;
#363 = ORIENTED_EDGE ( 'NONE', *, *, #141, .F. ) ;
#364 = ORIENTED_EDGE ( 'NONE', *, *, #90, .T. ) ;
#365 = EDGE_CURVE ( 'NONE', #1584, #1930, #424, .T. ) ;
#366 = CARTESIAN_POINT ( 'NONE',  ( 0.000000000000000000, 0.000000000000000000, -9.500000000000000000 ) ) ;
#367 = DIRECTION ( 'NONE',  ( 0.000000000000000000, -0.000000000000000000, -1.000000000000000000 ) ) ;
#368 = EDGE_CURVE ( 'NONE', #1663, #335, #2049, .T. ) ;
#369 = CARTESIAN_POINT ( 'NONE',  ( 0.000000000000000000, 0.000000000000000000, -2.600000000000000089 ) ) ;
#370 = ORIENTED_EDGE ( 'NONE', *, *, #1877, .T. ) ;
#371 = AXIS2_PLACEMENT_3D ( 'NONE', #1155, #2037, #505 ) ;
#372 = EDGE_LOOP ( 'NONE', ( #2675, #893, #2640, #581 ) ) ;
#373 = EDGE_CURVE ( 'NONE', #1515, #137, #2525, .T. ) ;
#374 = CARTESIAN_POINT ( 'NONE',  ( -0.000000000000000000, -17.26005550586760506, 0.000000000000000000 ) ) ;
#375 = DIRECTION ( 'NONE',  ( 0.000000000000000000, 1.000000000000000000, -0.000000000000000000 ) ) ;
#376 = DIRECTION ( 'NONE',  ( -0.000000000000000000, 0.000000000000000000, 1.000000000000000000 ) ) ;
#377 = VERTEX_POINT ( 'NONE', #553 ) ;
#378 = DIRECTION ( 'NONE',  ( -0.000000000000000000, 0.000000000000000000, 1.000000000000000000 ) ) ;
#379 = ORIENTED_EDGE ( 'NONE', *, *, #1145, .F. ) ;
#380 = EDGE_LOOP ( 'NONE', ( #904, #2509, #1471, #1456, #605, #2367, #124, #1963 ) ) ;
#381 = FACE_OUTER_BOUND ( 'NONE', #2753, .T. ) ;
#382 = CARTESIAN_POINT ( 'NONE',  ( 3.384320084140410341E-15, -14.99675905516699892, -2.600000000000000089 ) ) ;
#383 = DIRECTION ( 'NONE',  ( 1.000000000000000000, 2.256700978985438287E-16, 0.000000000000000000 ) ) ;
#384 = VECTOR ( 'NONE', #470, 1000.000000000000000 ) ;
#385 = ORIENTED_EDGE ( 'NONE', *, *, #2521, .T. ) ;
#386 = EDGE_CURVE ( 'NONE', #2325, #316, #2096, .T. ) ;
#387 = EDGE_LOOP ( 'NONE', ( #23, #2764, #1868, #2692 ) ) ;
#388 = LOCAL_TIME ( 15, 12, 12.00000000000000000, #2166 ) ;
#389 = AXIS2_PLACEMENT_3D ( 'NONE', #1074, #700, #2868 ) ;
#390 = CARTESIAN_POINT ( 'NONE',  ( 0.000000000000000000, 0.000000000000000000, -4.000000000000000000 ) ) ;
#391 = VECTOR ( 'NONE', #1320, 1000.000000000000000 ) ;
#392 = PERSON_AND_ORGANIZATION_ROLE ( 'design_supplier' ) ;
#393 = AXIS2_PLACEMENT_3D ( 'NONE', #1500, #1482, #399 ) ;
#394 = PLANE ( 'NONE',  #2034 ) ;
#395 = ORIENTED_EDGE ( 'NONE', *, *, #1575, .T. ) ;
#396 = DIRECTION ( 'NONE',  ( -0.000000000000000000, 0.000000000000000000, 1.000000000000000000 ) ) ;
#397 = EDGE_LOOP ( 'NONE', ( #2645, #2305, #1192, #2650 ) ) ;
#398 = ORIENTED_EDGE ( 'NONE', *, *, #1574, .F. ) ;
#399 = DIRECTION ( 'NONE',  ( 1.000000000000000000, 0.000000000000000000, 0.000000000000000000 ) ) ;
#400 = DIRECTION ( 'NONE',  ( 1.000000000000000000, 0.000000000000000000, 0.000000000000000000 ) ) ;
#401 = ORIENTED_EDGE ( 'NONE', *, *, #2414, .F. ) ;
#402 = VERTEX_POINT ( 'NONE', #945 ) ;
#403 = DIRECTION ( 'NONE',  ( 1.000000000000000000, 0.000000000000000000, 0.000000000000000000 ) ) ;
#404 = EDGE_CURVE ( 'NONE', #625, #2273, #538, .T. ) ;
#405 = APPROVAL_ROLE ( '' ) ;
#406 = VECTOR ( 'NONE', #1067, 1000.000000000000000 ) ;
#407 = ORIENTED_EDGE ( 'NONE', *, *, #2635, .F. ) ;
#408 = PLANE ( 'NONE',  #1832 ) ;
#409 = ORIENTED_EDGE ( 'NONE', *, *, #1830, .F. ) ;
#410 = ORIENTED_EDGE ( 'NONE', *, *, #1645, .F. ) ;
#411 = DIRECTION ( 'NONE',  ( 0.000000000000000000, -0.000000000000000000, -1.000000000000000000 ) ) ;
#412 = CARTESIAN_POINT ( 'NONE',  ( -0.000000000000000000, 6.699999999999998401, -4.000000000000000000 ) ) ;
#413 = ORIENTED_EDGE ( 'NONE', *, *, #353, .T. ) ;
#414 = ORIENTED_EDGE ( 'NONE', *, *, #1288, .F. ) ;
#415 = LINE ( 'NONE', #2884, #2754 ) ;
#416 = ADVANCED_FACE ( 'NONE', ( #1177 ), #1423, .F. ) ;
#417 = AXIS2_PLACEMENT_3D ( 'NONE', #2717, #716, #2059 ) ;
#418 = AXIS2_PLACEMENT_3D ( 'NONE', #79, #270, #1144 ) ;
#419 = VERTEX_POINT ( 'NONE', #1204 ) ;
#420 = CYLINDRICAL_SURFACE ( 'NONE', #25, 2.300000000000730349 ) ;
#421 = EDGE_CURVE ( 'NONE', #1599, #1210, #2772, .T. ) ;
#422 = ORIENTED_EDGE ( 'NONE', *, *, #2271, .F. ) ;
#423 = ORIENTED_EDGE ( 'NONE', *, *, #685, .F. ) ;
#424 = CIRCLE ( 'NONE', #1159, 24.50000000000000711 ) ;
#425 = CARTESIAN_POINT ( 'NONE',  ( -13.61180553784106806, 13.61180553784100944, -0.5000000000000000000 ) ) ;
#426 = LINE ( 'NONE', #1084, #1925 ) ;
#427 = DIRECTION ( 'NONE',  ( 1.000000000000000000, 0.000000000000000000, 0.000000000000000000 ) ) ;
#428 = CARTESIAN_POINT ( 'NONE',  ( -0.000000000000000000, 2.356064408783718367, -4.000000000000000000 ) ) ;
#429 = ORIENTED_EDGE ( 'NONE', *, *, #302, .F. ) ;
#430 = DIRECTION ( 'NONE',  ( 1.000000000000000000, 0.000000000000000000, 0.000000000000000000 ) ) ;
#431 = DIRECTION ( 'NONE',  ( 0.000000000000000000, 0.000000000000000000, 1.000000000000000000 ) ) ;
#432 = CIRCLE ( 'NONE', #2571, 24.50000000000000711 ) ;
#433 = PERSON_AND_ORGANIZATION_ROLE ( 'creator' ) ;
#434 = AXIS2_PLACEMENT_3D ( 'NONE', #1185, #507, #2270 ) ;
#435 = VECTOR ( 'NONE', #237, 1000.000000000000000 ) ;
#436 = VECTOR ( 'NONE', #563, 1000.000000000000000 ) ;
#437 = ORIENTED_EDGE ( 'NONE', *, *, #1608, .F. ) ;
#438 = DIRECTION ( 'NONE',  ( 1.000000000000000000, 0.000000000000000000, 0.000000000000000000 ) ) ;
#439 = ORIENTED_EDGE ( 'NONE', *, *, #1269, .F. ) ;
#440 = DIRECTION ( 'NONE',  ( -0.000000000000000000, 0.000000000000000000, 1.000000000000000000 ) ) ;
#441 = ADVANCED_FACE ( 'NONE', ( #2043 ), #55, .T. ) ;
#442 = LINE ( 'NONE', #1527, #293 ) ;
#443 = CARTESIAN_POINT ( 'NONE',  ( 0.000000000000000000, 0.000000000000000000, -10.50000000000000000 ) ) ;
#444 = CARTESIAN_POINT ( 'NONE',  ( -15.62219178110631468, -16.46967341071650637, -5.754948098454192973 ) ) ;
#445 = CARTESIAN_POINT ( 'NONE',  ( 13.61180553784107161, -13.61180553784101299, -2.000000000000000000 ) ) ;
#446 = ORIENTED_EDGE ( 'NONE', *, *, #373, .T. ) ;
#447 = CARTESIAN_POINT ( 'NONE',  ( 15.81016869047975604, -16.28909878151856461, -5.460868580626999425 ) ) ;
#448 = CARTESIAN_POINT ( 'NONE',  ( -15.84536521140326393, -16.25467321471739268, -5.200000000000001066 ) ) ;
#449 = CARTESIAN_POINT ( 'NONE',  ( 0.000000000000000000, 0.000000000000000000, -4.000000000000000000 ) ) ;
#450 = DATE_AND_TIME ( #1554, #21 ) ;
#451 = CARTESIAN_POINT ( 'NONE',  ( -13.61180553784101299, -13.61180553784106451, -2.000000000000000000 ) ) ;
#452 = ORIENTED_EDGE ( 'NONE', *, *, #1365, .F. ) ;
#453 = FACE_OUTER_BOUND ( 'NONE', #397, .T. ) ;
#454 = AXIS2_PLACEMENT_3D ( 'NONE', #2812, #1033, #1491 ) ;
#455 = FACE_OUTER_BOUND ( 'NONE', #100, .T. ) ;
#456 = DIRECTION ( 'NONE',  ( 1.000000000000000000, 0.000000000000000000, 0.000000000000000000 ) ) ;
#457 = EDGE_CURVE ( 'NONE', #2537, #2543, #2786, .T. ) ;
#458 = EDGE_LOOP ( 'NONE', ( #1279, #821, #150, #1902 ) ) ;
#459 = EDGE_CURVE ( 'NONE', #790, #2580, #1675, .T. ) ;
#460 = CARTESIAN_POINT ( 'NONE',  ( -23.00000000000000711, 2.816687638038913141E-15, -1.499999999999999556 ) ) ;
#461 = CARTESIAN_POINT ( 'NONE',  ( 0.000000000000000000, 0.000000000000000000, -5.000000000000000000 ) ) ;
#462 = FACE_OUTER_BOUND ( 'NONE', #2026, .T. ) ;
#463 = DIRECTION ( 'NONE',  ( 1.000000000000000000, 0.000000000000000000, 0.000000000000000000 ) ) ;
#464 = EDGE_CURVE ( 'NONE', #572, #2003, #1725, .T. ) ;
#465 = AXIS2_PLACEMENT_3D ( 'NONE', #2553, #2114, #1439 ) ;
#466 = VECTOR ( 'NONE', #2749, 1000.000000000000000 ) ;
#467 = CARTESIAN_POINT ( 'NONE',  ( 22.69999999999999929, 0.000000000000000000, -10.50000000000000000 ) ) ;
#468 = EDGE_LOOP ( 'NONE', ( #364, #2815, #2813, #169 ) ) ;
#469 = DIRECTION ( 'NONE',  ( 0.000000000000000000, -1.000000000000000000, 0.000000000000000000 ) ) ;
#470 = DIRECTION ( 'NONE',  ( 0.000000000000000000, -1.000000000000000000, 0.000000000000000000 ) ) ;
#471 = LINE ( 'NONE', #2685, #1876 ) ;
#472 = LINE ( 'NONE', #2510, #1358 ) ;
#473 = CARTESIAN_POINT ( 'NONE',  ( 15.84536521140326570, -16.25467321471739268, -5.332793511574356771 ) ) ;
#474 = DIRECTION ( 'NONE',  ( 1.000000000000000000, 0.000000000000000000, 0.000000000000000000 ) ) ;
#475 = ADVANCED_FACE ( 'NONE', ( #2113 ), #2679, .T. ) ;
#476 = EDGE_CURVE ( 'NONE', #2612, #1938, #1336, .T. ) ;
#477 = CARTESIAN_POINT ( 'NONE',  ( 13.61180553784107161, -13.61180553784101299, -2.600000000000000089 ) ) ;
#478 = AXIS2_PLACEMENT_3D ( 'NONE', #959, #777, #329 ) ;
#479 = AXIS2_PLACEMENT_3D ( 'NONE', #654, #2439, #242 ) ;
#480 = FACE_OUTER_BOUND ( 'NONE', #770, .T. ) ;
#481 = ORIENTED_EDGE ( 'NONE', *, *, #1363, .F. ) ;
#482 = DIRECTION ( 'NONE',  ( 1.000000000000000000, 0.000000000000000000, 0.000000000000000000 ) ) ;
#483 = CARTESIAN_POINT ( 'NONE',  ( -23.00000000000000711, 2.908536147974964896E-15, 0.000000000000000000 ) ) ;
#484 = DIRECTION ( 'NONE',  ( 0.000000000000000000, -0.000000000000000000, -1.000000000000000000 ) ) ;
#485 = VECTOR ( 'NONE', #1147, 1000.000000000000114 ) ;
#486 = CARTESIAN_POINT ( 'NONE',  ( -15.44656676019343600, -17.26005550586760506, 0.000000000000000000 ) ) ;
#487 = CARTESIAN_POINT ( 'NONE',  ( 15.17588073984258124, -16.88190280060424797, -5.986275080093374612 ) ) ;
#488 = DIRECTION ( 'NONE',  ( -0.000000000000000000, 0.000000000000000000, 1.000000000000000000 ) ) ;
#489 = APPROVAL_DATE_TIME ( #1361, #2201 ) ;
#490 = EDGE_CURVE ( 'NONE', #1295, #564, #2834, .T. ) ;
#491 = ADVANCED_FACE ( 'NONE', ( #1221, #2364 ), #1281, .T. ) ;
#492 = DIRECTION ( 'NONE',  ( 1.000000000000000000, 0.000000000000000000, 0.000000000000000000 ) ) ;
#493 = VERTEX_POINT ( 'NONE', #1739 ) ;
#494 = CARTESIAN_POINT ( 'NONE',  ( 15.44655360358924234, -17.26005550586760506, 3.938703204732496577E-16 ) ) ;
#495 = CARTESIAN_POINT ( 'NONE',  ( 4.374452428089294465, 0.000000000000000000, -2.600000000000000089 ) ) ;
#496 = LINE ( 'NONE', #1838, #485 ) ;
#497 = ORIENTED_EDGE ( 'NONE', *, *, #2253, .T. ) ;
#498 = CARTESIAN_POINT ( 'NONE',  ( -12.36180553784096681, 13.61180553784100944, -4.000000000000000000 ) ) ;
#499 = DIRECTION ( 'NONE',  ( 1.000000000000000000, 0.000000000000000000, 0.000000000000000000 ) ) ;
#500 = PLANE ( 'NONE',  #1245 ) ;
#501 = VECTOR ( 'NONE', #400, 1000.000000000000000 ) ;
#502 = ORIENTED_EDGE ( 'NONE', *, *, #1327, .F. ) ;
#503 = DIRECTION ( 'NONE',  ( 0.000000000000000000, -1.000000000000000000, 0.000000000000000000 ) ) ;
#504 = ORIENTED_EDGE ( 'NONE', *, *, #1399, .T. ) ;
#505 = DIRECTION ( 'NONE',  ( 1.000000000000000000, 0.000000000000000000, 0.000000000000000000 ) ) ;
#506 = AXIS2_PLACEMENT_3D ( 'NONE', #1676, #2129, #1885 ) ;
#507 = DIRECTION ( 'NONE',  ( 0.000000000000000000, -1.000000000000000000, 0.000000000000000000 ) ) ;
#508 = EDGE_CURVE ( 'NONE', #1445, #2660, #1097, .T. ) ;
#509 = DIRECTION ( 'NONE',  ( 1.000000000000000000, 0.000000000000000000, 0.000000000000000000 ) ) ;
#510 = ORIENTED_EDGE ( 'NONE', *, *, #2665, .T. ) ;
#511 = LINE ( 'NONE', #2055, #2855 ) ;
#512 = CARTESIAN_POINT ( 'NONE',  ( 13.61180553784101299, 13.61180553784106628, -2.000000000000000000 ) ) ;
#513 = CARTESIAN_POINT ( 'NONE',  ( 0.000000000000000000, 0.000000000000000000, 0.000000000000000000 ) ) ;
#514 = VERTEX_POINT ( 'NONE', #1483 ) ;
#515 = ORIENTED_EDGE ( 'NONE', *, *, #578, .T. ) ;
#516 = CARTESIAN_POINT ( 'NONE',  ( -9.530482940345283538, 6.699999999999998401, -4.000000000000000000 ) ) ;
#517 = VECTOR ( 'NONE', #2042, 1000.000000000000000 ) ;
#518 = CARTESIAN_POINT ( 'NONE',  ( 13.61180553784100589, 13.61180553784106451, -0.5000000000000000000 ) ) ;
#519 = AXIS2_PLACEMENT_3D ( 'NONE', #445, #2233, #1771 ) ;
#520 = DIRECTION ( 'NONE',  ( 0.000000000000000000, -1.000000000000000000, 0.000000000000000000 ) ) ;
#521 = ORIENTED_EDGE ( 'NONE', *, *, #1066, .F. ) ;
#522 = AXIS2_PLACEMENT_3D ( 'NONE', #2829, #183, #1704 ) ;
#523 = EDGE_CURVE ( 'NONE', #1027, #841, #2602, .T. ) ;
#524 = TOROIDAL_SURFACE ( 'NONE', #758, 2.800000000000203215, 0.5000000000000000000 ) ;
#525 = CARTESIAN_POINT ( 'NONE',  ( -16.19312813533647955, 3.356064408783718367, -4.000000000000000000 ) ) ;
#526 = EDGE_CURVE ( 'NONE', #1691, #2597, #2125, .T. ) ;
#527 = CARTESIAN_POINT ( 'NONE',  ( -8.530482940345283538, 7.699999999999998401, -4.000000000000000000 ) ) ;
#528 = DIRECTION ( 'NONE',  ( -0.000000000000000000, 0.000000000000000000, 1.000000000000000000 ) ) ;
#529 = ORIENTED_EDGE ( 'NONE', *, *, #302, .T. ) ;
#530 = DIRECTION ( 'NONE',  ( 1.000000000000000000, 0.000000000000000000, 0.000000000000000000 ) ) ;
#531 = ORIENTED_EDGE ( 'NONE', *, *, #1776, .T. ) ;
#532 = DIRECTION ( 'NONE',  ( 1.000000000000000000, 0.000000000000000000, 0.000000000000000000 ) ) ;
#533 = EDGE_LOOP ( 'NONE', ( #2546, #1350, #2189, #2323 ) ) ;
#534 = CARTESIAN_POINT ( 'NONE',  ( 0.000000000000000000, 0.000000000000000000, -4.000000000000000000 ) ) ;
#535 = ORIENTED_EDGE ( 'NONE', *, *, #1396, .T. ) ;
#536 = DIRECTION ( 'NONE',  ( -0.000000000000000000, 0.000000000000000000, 1.000000000000000000 ) ) ;
#537 = EDGE_CURVE ( 'NONE', #1944, #790, #1942, .T. ) ;
#538 = LINE ( 'NONE', #1841, #77 ) ;
#539 = FACE_BOUND ( 'NONE', #143, .T. ) ;
#540 = VECTOR ( 'NONE', #1008, 1000.000000000000000 ) ;
#541 = EDGE_CURVE ( 'NONE', #858, #210, #2127, .T. ) ;
#542 = ORIENTED_EDGE ( 'NONE', *, *, #810, .T. ) ;
#543 = EDGE_CURVE ( 'NONE', #1027, #2325, #1956, .T. ) ;
#544 = CARTESIAN_POINT ( 'NONE',  ( 15.69312813533675666, -14.99675905516699714, -2.600000000000000089 ) ) ;
#545 = ORIENTED_EDGE ( 'NONE', *, *, #1934, .F. ) ;
#546 = DIRECTION ( 'NONE',  ( 1.000000000000000000, 0.000000000000000000, 0.000000000000000000 ) ) ;
#547 = ORIENTED_EDGE ( 'NONE', *, *, #1824, .F. ) ;
#548 = LINE ( 'NONE', #1653, #1076 ) ;
#549 = ORIENTED_EDGE ( 'NONE', *, *, #2702, .F. ) ;
#550 = CARTESIAN_POINT ( 'NONE',  ( -11.31180553784103715, 13.61180553784100944, -2.000000000000000000 ) ) ;
#551 = CIRCLE ( 'NONE', #465, 2.300000000000730349 ) ;
#552 = AXIS2_PLACEMENT_3D ( 'NONE', #1469, #1726, #2802 ) ;
#553 = CARTESIAN_POINT ( 'NONE',  ( -17.19312813533679218, 2.356064408783716146, 0.000000000000000000 ) ) ;
#554 = DIRECTION ( 'NONE',  ( -0.000000000000000000, 0.000000000000000000, 1.000000000000000000 ) ) ;
#555 = ORIENTED_EDGE ( 'NONE', *, *, #2269, .T. ) ;
#556 = DIRECTION ( 'NONE',  ( 0.000000000000000000, 0.000000000000000000, -1.000000000000000000 ) ) ;
#557 = EDGE_CURVE ( 'NONE', #170, #419, #268, .T. ) ;
#558 = CIRCLE ( 'NONE', #2795, 1.250000000000004663 ) ;
#559 = EDGE_CURVE ( 'NONE', #1988, #913, #2330, .T. ) ;
#560 = VERTEX_POINT ( 'NONE', #1265 ) ;
#561 = DIRECTION ( 'NONE',  ( 1.000000000000000000, 0.000000000000000000, 0.000000000000000000 ) ) ;
#562 = ORIENTED_EDGE ( 'NONE', *, *, #720, .F. ) ;
#563 = DIRECTION ( 'NONE',  ( 0.000000000000000000, 0.000000000000000000, 1.000000000000000000 ) ) ;
#564 = VERTEX_POINT ( 'NONE', #2141 ) ;
#565 = ORIENTED_EDGE ( 'NONE', *, *, #1933, .T. ) ;
#566 = VECTOR ( 'NONE', #2147, 1000.000000000000000 ) ;
#567 = AXIS2_PLACEMENT_3D ( 'NONE', #9, #2013, #1997 ) ;
#568 = CARTESIAN_POINT ( 'NONE',  ( 4.374452428089294465, -17.26005550586760506, -4.000000000000000000 ) ) ;
#569 = CARTESIAN_POINT ( 'NONE',  ( 14.86180553784110359, -13.61180553784101299, -4.000000000000000000 ) ) ;
#570 = DIRECTION ( 'NONE',  ( -0.000000000000000000, -0.000000000000000000, 1.000000000000000000 ) ) ;
#571 = CIRCLE ( 'NONE', #1971, 1.250000000000297762 ) ;
#572 = VERTEX_POINT ( 'NONE', #152 ) ;
#573 = DIRECTION ( 'NONE',  ( -0.000000000000000000, 0.000000000000000000, 1.000000000000000000 ) ) ;
#574 = DIRECTION ( 'NONE',  ( 1.000000000000000000, 0.000000000000000000, 0.000000000000000000 ) ) ;
#575 = EDGE_CURVE ( 'NONE', #2191, #2051, #1023, .T. ) ;
#576 = ORIENTED_EDGE ( 'NONE', *, *, #671, .F. ) ;
#577 = FACE_OUTER_BOUND ( 'NONE', #2154, .T. ) ;
#578 = EDGE_CURVE ( 'NONE', #1064, #1514, #2160, .T. ) ;
#579 = ORIENTED_EDGE ( 'NONE', *, *, #1539, .F. ) ;
#580 = DIRECTION ( 'NONE',  ( -0.000000000000000000, 0.000000000000000000, 1.000000000000000000 ) ) ;
#581 = ORIENTED_EDGE ( 'NONE', *, *, #1702, .F. ) ;
#582 = EDGE_LOOP ( 'NONE', ( #2550, #1921, #1532, #1888 ) ) ;
#583 = EDGE_CURVE ( 'NONE', #844, #1429, #2424, .T. ) ;
#584 = CARTESIAN_POINT ( 'NONE',  ( 0.000000000000000000, -16.25467321471739268, -4.000000000000000000 ) ) ;
#585 = DIRECTION ( 'NONE',  ( -0.000000000000000000, 0.000000000000000000, 1.000000000000000000 ) ) ;
#586 = DIRECTION ( 'NONE',  ( 0.000000000000000000, 0.000000000000000000, 1.000000000000000000 ) ) ;
#587 = ORIENTED_EDGE ( 'NONE', *, *, #1741, .T. ) ;
#588 = VERTEX_POINT ( 'NONE', #2188 ) ;
#589 = DIRECTION ( 'NONE',  ( -1.000000000000000000, -0.000000000000000000, -0.000000000000000000 ) ) ;
#590 = AXIS2_PLACEMENT_3D ( 'NONE', #366, #111, #2329 ) ;
#591 = CARTESIAN_POINT ( 'NONE',  ( 0.000000000000000000, 6.200000000000000178, -2.600000000000000089 ) ) ;
#592 = CARTESIAN_POINT ( 'NONE',  ( 0.000000000000000000, -17.26005550586760506, -4.000000000000000000 ) ) ;
#593 = ORIENTED_EDGE ( 'NONE', *, *, #1379, .T. ) ;
#594 = DIRECTION ( 'NONE',  ( 0.000000000000000000, -1.000000000000000000, 0.000000000000000000 ) ) ;
#595 = VERTEX_POINT ( 'NONE', #875 ) ;
#596 = ORIENTED_EDGE ( 'NONE', *, *, #368, .F. ) ;
#597 = PRODUCT_RELATED_PRODUCT_CATEGORY ( 'detail', '', ( #1117 ) ) ;
#598 = EDGE_CURVE ( 'NONE', #2637, #1748, #2643, .T. ) ;
#599 = CARTESIAN_POINT ( 'NONE',  ( 13.61180553784101299, 13.61180553784106628, -4.000000000000000000 ) ) ;
#600 = CARTESIAN_POINT ( 'NONE',  ( 17.04075168064092693, -14.99675905516700070, -4.000000000000000000 ) ) ;
#601 = DIRECTION ( 'NONE',  ( 1.000000000000000000, 0.000000000000000000, 0.000000000000000000 ) ) ;
#602 = ORIENTED_EDGE ( 'NONE', *, *, #2269, .F. ) ;
#603 = VECTOR ( 'NONE', #129, 1000.000000000000000 ) ;
#604 = VECTOR ( 'NONE', #586, 1000.000000000000000 ) ;
#605 = ORIENTED_EDGE ( 'NONE', *, *, #880, .F. ) ;
#606 = CARTESIAN_POINT ( 'NONE',  ( -15.69312813533679041, 6.200000000000000178, -2.600000000000000089 ) ) ;
#607 = DATE_AND_TIME ( #224, #1124 ) ;
#608 = CARTESIAN_POINT ( 'NONE',  ( 15.84536521140326393, -16.25467321471739268, -5.200000000000001066 ) ) ;
#609 = ORIENTED_EDGE ( 'NONE', *, *, #331, .F. ) ;
#610 = DIRECTION ( 'NONE',  ( 1.000000000000000000, 0.000000000000000000, 0.000000000000000000 ) ) ;
#611 = EDGE_LOOP ( 'NONE', ( #981, #2535 ) ) ;
#612 = ORIENTED_EDGE ( 'NONE', *, *, #332, .T. ) ;
#613 = CARTESIAN_POINT ( 'NONE',  ( 24.50000000000000711, 0.000000000000000000, -11.50000000000000000 ) ) ;
#614 = DIRECTION ( 'NONE',  ( -0.000000000000000000, 0.000000000000000000, 1.000000000000000000 ) ) ;
#615 = EDGE_CURVE ( 'NONE', #1064, #2074, #2008, .T. ) ;
#616 = AXIS2_PLACEMENT_3D ( 'NONE', #390, #1315, #620 ) ;
#617 = AXIS2_PLACEMENT_3D ( 'NONE', #2684, #1323, #1370 ) ;
#618 = ORIENTED_EDGE ( 'NONE', *, *, #631, .T. ) ;
#619 = VERTEX_POINT ( 'NONE', #1544 ) ;
#620 = DIRECTION ( 'NONE',  ( 1.000000000000000000, 0.000000000000000000, 0.000000000000000000 ) ) ;
#621 = CIRCLE ( 'NONE', #2248, 2.800000000000203215 ) ;
#622 = PERSON_AND_ORGANIZATION ( #2575, #114 ) ;
#623 = EDGE_CURVE ( 'NONE', #2108, #1206, #1984, .T. ) ;
#624 = CIRCLE ( 'NONE', #2629, 2.300000000000031353 ) ;
#625 = VERTEX_POINT ( 'NONE', #231 ) ;
#626 = CARTESIAN_POINT ( 'NONE',  ( -13.61180553784082470, -13.61180553784087799, -4.000000000000000000 ) ) ;
#627 = ORIENTED_EDGE ( 'NONE', *, *, #1013, .F. ) ;
#628 = ORIENTED_EDGE ( 'NONE', *, *, #1232, .F. ) ;
#629 = DIRECTION ( 'NONE',  ( 0.000000000000000000, 0.000000000000000000, 1.000000000000000000 ) ) ;
#630 = DIRECTION ( 'NONE',  ( 1.000000000000000000, 0.000000000000000000, 0.000000000000000000 ) ) ;
#631 = EDGE_CURVE ( 'NONE', #2003, #2036, #767, .T. ) ;
#632 = ORIENTED_EDGE ( 'NONE', *, *, #179, .T. ) ;
#633 = ORIENTED_EDGE ( 'NONE', *, *, #2131, .F. ) ;
#634 = CARTESIAN_POINT ( 'NONE',  ( -14.86180553784112313, -13.61180553784087799, -4.000000000000000000 ) ) ;
#635 = ADVANCED_FACE ( 'NONE', ( #1102 ), #860, .F. ) ;
#636 = EDGE_CURVE ( 'NONE', #2191, #2398, #201, .T. ) ;
#637 = ORIENTED_EDGE ( 'NONE', *, *, #2699, .T. ) ;
#638 = FACE_OUTER_BOUND ( 'NONE', #1388, .T. ) ;
#639 = EDGE_LOOP ( 'NONE', ( #502, #1793, #2632, #481, #1497, #2220, #2816, #2420, #149, #135, #2617, #2713, #798, #2171, #1004, #2599, #776, #1717 ) ) ;
#640 = ORIENTED_EDGE ( 'NONE', *, *, #2738, .T. ) ;
#641 = CARTESIAN_POINT ( 'NONE',  ( -22.69999999999999929, 2.779948234064491097E-15, -2.600000000000000089 ) ) ;
#642 = DIRECTION ( 'NONE',  ( 0.000000000000000000, -0.000000000000000000, -1.000000000000000000 ) ) ;
#643 = DIRECTION ( 'NONE',  ( 1.000000000000000000, 0.000000000000000000, 0.000000000000000000 ) ) ;
#644 = ORIENTED_EDGE ( 'NONE', *, *, #761, .F. ) ;
#645 = ORIENTED_EDGE ( 'NONE', *, *, #1747, .T. ) ;
#646 = LINE ( 'NONE', #2661, #2806 ) ;
#647 = FACE_OUTER_BOUND ( 'NONE', #175, .T. ) ;
#648 = APPLICATION_PROTOCOL_DEFINITION ( 'international standard', 'config_control_design', 1994, #1128 ) ;
#649 = ADVANCED_FACE ( 'NONE', ( #1785 ), #317, .F. ) ;
#650 = ORIENTED_EDGE ( 'NONE', *, *, #2073, .T. ) ;
#651 = LINE ( 'NONE', #1962, #2578 ) ;
#652 = ORIENTED_EDGE ( 'NONE', *, *, #886, .T. ) ;
#653 = DIRECTION ( 'NONE',  ( -0.000000000000000000, -0.000000000000000000, 1.000000000000000000 ) ) ;
#654 = CARTESIAN_POINT ( 'NONE',  ( -16.41180553784121798, -13.61180553784106451, -0.5000000000000000000 ) ) ;
#655 = FACE_OUTER_BOUND ( 'NONE', #349, .T. ) ;
#656 = CARTESIAN_POINT ( 'NONE',  ( -15.69777202893001622, -16.39744161359116958, -5.671388964879713335 ) ) ;
#657 = ORIENTED_EDGE ( 'NONE', *, *, #1176, .T. ) ;
#658 = ORIENTED_EDGE ( 'NONE', *, *, #459, .F. ) ;
#659 = CARTESIAN_POINT ( 'NONE',  ( -16.11180553784109648, 13.61180553784100944, -4.000000000000000000 ) ) ;
#660 = LINE ( 'NONE', #374, #1682 ) ;
#661 = DIRECTION ( 'NONE',  ( -0.000000000000000000, 0.000000000000000000, 1.000000000000000000 ) ) ;
#662 = COORDINATED_UNIVERSAL_TIME_OFFSET ( 8, 0, .AHEAD. ) ;
#663 = VECTOR ( 'NONE', #928, 1000.000000000000000 ) ;
#664 = CIRCLE ( 'NONE', #1829, 22.69999999999999929 ) ;
#665 = VECTOR ( 'NONE', #81, 1000.000000000000000 ) ;
#666 = VECTOR ( 'NONE', #243, 1000.000000000000000 ) ;
#667 = EDGE_CURVE ( 'NONE', #1930, #1445, #108, .T. ) ;
#668 = DIRECTION ( 'NONE',  ( -1.000000000000000000, 0.000000000000000000, 0.000000000000000000 ) ) ;
#669 = EDGE_LOOP ( 'NONE', ( #497, #2195 ) ) ;
#670 = LINE ( 'NONE', #2835, #2421 ) ;
#671 = EDGE_CURVE ( 'NONE', #807, #1426, #1443, .T. ) ;
#672 = DIRECTION ( 'NONE',  ( 0.000000000000000000, -1.000000000000000000, 0.000000000000000000 ) ) ;
#673 = DIRECTION ( 'NONE',  ( 0.000000000000000000, 0.000000000000000000, 1.000000000000000000 ) ) ;
#674 = VECTOR ( 'NONE', #1149, 1000.000000000000000 ) ;
#675 = ORIENTED_EDGE ( 'NONE', *, *, #2007, .F. ) ;
#676 = FACE_OUTER_BOUND ( 'NONE', #751, .T. ) ;
#677 = LINE ( 'NONE', #2646, #1021 ) ;
#678 = FACE_BOUND ( 'NONE', #1779, .T. ) ;
#679 = CARTESIAN_POINT ( 'NONE',  ( 11.31180553784071385, -13.61180553784025449, -2.000000000000000000 ) ) ;
#680 = EDGE_LOOP ( 'NONE', ( #2393, #953, #1713, #2492 ) ) ;
#681 = DIRECTION ( 'NONE',  ( 0.000000000000000000, -0.000000000000000000, -1.000000000000000000 ) ) ;
#682 = CIRCLE ( 'NONE', #2826, 1.250000000000101696 ) ;
#683 = CARTESIAN_POINT ( 'NONE',  ( 0.000000000000000000, 0.000000000000000000, -9.500000000000000000 ) ) ;
#684 = CARTESIAN_POINT ( 'NONE',  ( -15.91180553784109897, 13.61180553784100944, -0.5000000000000000000 ) ) ;
#685 = EDGE_CURVE ( 'NONE', #1758, #2279, #1119, .T. ) ;
#686 = ADVANCED_FACE ( 'NONE', ( #988 ), #344, .T. ) ;
#687 = FACE_OUTER_BOUND ( 'NONE', #1661, .T. ) ;
#688 = CARTESIAN_POINT ( 'NONE',  ( 15.45513322908058740, -16.62654008829886720, -5.883257581221076116 ) ) ;
#689 = CARTESIAN_POINT ( 'NONE',  ( 12.36180553784100766, 13.61180553784106628, -2.000000000000000000 ) ) ;
#690 = LINE ( 'NONE', #1802, #979 ) ;
#691 = CIRCLE ( 'NONE', #2607, 24.50000000000000711 ) ;
#692 = AXIS2_PLACEMENT_3D ( 'NONE', #369, #1250, #2142 ) ;
#693 = DIRECTION ( 'NONE',  ( -0.000000000000000000, 0.000000000000000000, 1.000000000000000000 ) ) ;
#694 = VERTEX_POINT ( 'NONE', #544 ) ;
#695 = CARTESIAN_POINT ( 'NONE',  ( -13.61180553784106806, 13.61180553784100944, -4.000000000000000000 ) ) ;
#696 = CARTESIAN_POINT ( 'NONE',  ( 15.91180553784217544, -13.61180553784025449, -2.000000000000000000 ) ) ;
#697 = CARTESIAN_POINT ( 'NONE',  ( 4.374452428089294465, -14.99675905516700070, -2.600000000000000089 ) ) ;
#698 = CARTESIAN_POINT ( 'NONE',  ( -17.00920161029317157, -17.26005550586760862, -0.6163221692262101925 ) ) ;
#699 = EDGE_CURVE ( 'NONE', #2746, #493, #1441, .T. ) ;
#700 = DIRECTION ( 'NONE',  ( -0.000000000000000000, 0.000000000000000000, 1.000000000000000000 ) ) ;
#701 = CYLINDRICAL_SURFACE ( 'NONE', #2000, 1.250000000000032419 ) ;
#702 = EDGE_CURVE ( 'NONE', #1930, #1525, #1731, .T. ) ;
#703 = ADVANCED_FACE ( 'NONE', ( #1224, #1427 ), #144, .T. ) ;
#704 = CARTESIAN_POINT ( 'NONE',  ( 11.31180553784071385, -13.61180553784025449, -0.5000000000000000000 ) ) ;
#705 = ADVANCED_FACE ( 'NONE', ( #2116 ), #2318, .F. ) ;
#706 = VECTOR ( 'NONE', #38, 1000.000000000000000 ) ;
#707 = CARTESIAN_POINT ( 'NONE',  ( -15.69312813533679041, 2.356064408783716146, 0.000000000000000000 ) ) ;
#708 = ORIENTED_EDGE ( 'NONE', *, *, #2338, .T. ) ;
#709 = FACE_OUTER_BOUND ( 'NONE', #468, .T. ) ;
#710 = AXIS2_PLACEMENT_3D ( 'NONE', #902, #1792, #34 ) ;
#711 = CARTESIAN_POINT ( 'NONE',  ( -11.31180553784080978, -13.61180553784106451, -0.5000000000000000000 ) ) ;
#712 = CARTESIAN_POINT ( 'NONE',  ( 23.69999999999999929, 0.000000000000000000, -11.50000000000000000 ) ) ;
#713 = EDGE_LOOP ( 'NONE', ( #284, #855 ) ) ;
#714 = CARTESIAN_POINT ( 'NONE',  ( -17.28489760798657571, -17.26005550586760506, -1.022535292328843326 ) ) ;
#715 = DIRECTION ( 'NONE',  ( 0.000000000000000000, 1.000000000000000000, 0.000000000000000000 ) ) ;
#716 = DIRECTION ( 'NONE',  ( -0.000000000000000000, 0.000000000000000000, 1.000000000000000000 ) ) ;
#717 = EDGE_CURVE ( 'NONE', #240, #2036, #1857, .T. ) ;
#718 = CARTESIAN_POINT ( 'NONE',  ( -8.530482940345283538, 2.356064408783718367, -2.600000000000000089 ) ) ;
#719 = APPROVAL ( #1274, 'æœª' ) ;
#720 = EDGE_CURVE ( 'NONE', #1748, #2411, #1207, .T. ) ;
#721 = CARTESIAN_POINT ( 'NONE',  ( 0.000000000000000000, -9.814665547863189232, -2.600000000000000089 ) ) ;
#722 = ORIENTED_EDGE ( 'NONE', *, *, #332, .F. ) ;
#723 = DIRECTION ( 'NONE',  ( -1.000000000000000000, 0.000000000000000000, 0.000000000000000000 ) ) ;
#724 = CYLINDRICAL_SURFACE ( 'NONE', #1310, 1.250000000000297762 ) ;
#725 = DIRECTION ( 'NONE',  ( -0.000000000000000000, 0.000000000000000000, 1.000000000000000000 ) ) ;
#726 = EDGE_LOOP ( 'NONE', ( #345, #2644, #1000, #2175 ) ) ;
#727 = AXIS2_PLACEMENT_3D ( 'NONE', #1883, #2112, #1220 ) ;
#728 = PLANE ( 'NONE',  #1212 ) ;
#729 = CARTESIAN_POINT ( 'NONE',  ( 14.86180553784101654, 13.61180553784106628, -4.000000000000000000 ) ) ;
#730 = DIRECTION ( 'NONE',  ( 1.000000000000000000, 0.000000000000000000, 0.000000000000000000 ) ) ;
#731 = EDGE_LOOP ( 'NONE', ( #2882, #1486, #1418, #1822 ) ) ;
#732 = EDGE_CURVE ( 'NONE', #232, #2074, #1069, .T. ) ;
#733 = VERTEX_POINT ( 'NONE', #1887 ) ;
#734 = CARTESIAN_POINT ( 'NONE',  ( 17.01139480051661934, -17.26005550586760151, -0.6185569907121870603 ) ) ;
#735 = VECTOR ( 'NONE', #1344, 1000.000000000000000 ) ;
#736 = AXIS2_PLACEMENT_3D ( 'NONE', #592, #334, #2135 ) ;
#737 = CARTESIAN_POINT ( 'NONE',  ( -13.61180553784106806, 13.61180553784100944, -2.600000000000000089 ) ) ;
#738 = CARTESIAN_POINT ( 'NONE',  ( 15.69312813533679041, -14.99675905516699714, -4.000000000000000000 ) ) ;
#739 = ORIENTED_EDGE ( 'NONE', *, *, #523, .F. ) ;
#740 = CARTESIAN_POINT ( 'NONE',  ( 13.61180553784100589, 13.61180553784106451, -2.600000000000000089 ) ) ;
#741 = FACE_OUTER_BOUND ( 'NONE', #2110, .T. ) ;
#742 = LINE ( 'NONE', #1631, #923 ) ;
#743 = VERTEX_POINT ( 'NONE', #2776 ) ;
#744 = LINE ( 'NONE', #2351, #745 ) ;
#745 = VECTOR ( 'NONE', #358, 1000.000000000000000 ) ;
#746 = ORIENTED_EDGE ( 'NONE', *, *, #404, .T. ) ;
#747 = CARTESIAN_POINT ( 'NONE',  ( -12.36180553784052805, -13.61180553784087799, -4.000000000000000000 ) ) ;
#748 = AXIS2_PLACEMENT_3D ( 'NONE', #721, #503, #1840 ) ;
#749 = EDGE_CURVE ( 'NONE', #1688, #1650, #1664, .T. ) ;
#750 = CARTESIAN_POINT ( 'NONE',  ( 0.000000000000000000, 0.000000000000000000, -4.000000000000000000 ) ) ;
#751 = EDGE_LOOP ( 'NONE', ( #1217, #1329, #521, #452 ) ) ;
#752 = LOCAL_TIME ( 15, 12, 12.00000000000000000, #3 ) ;
#753 = VECTOR ( 'NONE', #2207, 1000.000000000000000 ) ;
#754 = FACE_OUTER_BOUND ( 'NONE', #2410, .T. ) ;
#755 = ORIENTED_EDGE ( 'NONE', *, *, #1582, .T. ) ;
#756 = EDGE_CURVE ( 'NONE', #595, #226, #849, .T. ) ;
#757 = AXIS2_PLACEMENT_3D ( 'NONE', #2549, #580, #1434 ) ;
#758 = AXIS2_PLACEMENT_3D ( 'NONE', #942, #1101, #456 ) ;
#759 = CARTESIAN_POINT ( 'NONE',  ( 0.000000000000000000, 0.000000000000000000, -1.499999999999999556 ) ) ;
#760 = DIRECTION ( 'NONE',  ( 1.000000000000000000, 0.000000000000000000, 0.000000000000000000 ) ) ;
#761 = EDGE_CURVE ( 'NONE', #1514, #2837, #744, .T. ) ;
#762 = CARTESIAN_POINT ( 'NONE',  ( 13.61180553784144465, -13.61180553784025449, -2.000000000000000000 ) ) ;
#763 = ORIENTED_EDGE ( 'NONE', *, *, #476, .F. ) ;
#764 = CARTESIAN_POINT ( 'NONE',  ( 23.00000000000000711, 0.000000000000000000, -1.499999999999999556 ) ) ;
#765 = ORIENTED_EDGE ( 'NONE', *, *, #179, .F. ) ;
#766 = FACE_OUTER_BOUND ( 'NONE', #1037, .T. ) ;
#767 = CIRCLE ( 'NONE', #1140, 1.250000000000032419 ) ;
#768 = ORIENTED_EDGE ( 'NONE', *, *, #1970, .F. ) ;
#769 = CARTESIAN_POINT ( 'NONE',  ( -4.374452428089294465, 0.000000000000000000, -4.000000000000000000 ) ) ;
#770 = EDGE_LOOP ( 'NONE', ( #1270, #587, #2505, #939 ) ) ;
#771 = EDGE_CURVE ( 'NONE', #1603, #1064, #1193, .T. ) ;
#772 = CARTESIAN_POINT ( 'NONE',  ( 0.000000000000000000, 0.000000000000000000, -9.500000000000000000 ) ) ;
#773 = CARTESIAN_POINT ( 'NONE',  ( -23.69999999999999929, 2.902412913979227034E-15, -11.50000000000000000 ) ) ;
#774 = CARTESIAN_POINT ( 'NONE',  ( -14.86180553784112313, -13.61180553784087799, -4.000000000000000000 ) ) ;
#775 = VECTOR ( 'NONE', #214, 1000.000000000000000 ) ;
#776 = ORIENTED_EDGE ( 'NONE', *, *, #1442, .T. ) ;
#777 = DIRECTION ( 'NONE',  ( 0.000000000000000000, 0.000000000000000000, 1.000000000000000000 ) ) ;
#778 = VERTEX_POINT ( 'NONE', #1472 ) ;
#779 = CARTESIAN_POINT ( 'NONE',  ( -13.61180553784106806, 13.61180553784100944, -4.000000000000000000 ) ) ;
#780 = ORIENTED_EDGE ( 'NONE', *, *, #1657, .T. ) ;
#781 = CARTESIAN_POINT ( 'NONE',  ( 22.69999999999999929, 0.000000000000000000, -5.000000000000000000 ) ) ;
#782 = ORIENTED_EDGE ( 'NONE', *, *, #2385, .T. ) ;
#783 = ORIENTED_EDGE ( 'NONE', *, *, #2846, .T. ) ;
#784 = FACE_BOUND ( 'NONE', #943, .T. ) ;
#785 = CIRCLE ( 'NONE', #1770, 1.250000000000101696 ) ;
#786 = AXIS2_PLACEMENT_3D ( 'NONE', #2228, #8, #1114 ) ;
#787 = DIRECTION ( 'NONE',  ( -1.000000000000000000, 0.000000000000000000, 0.000000000000000000 ) ) ;
#788 = CARTESIAN_POINT ( 'NONE',  ( -7.686988626896833487, 10.04349431344845200, 2.343494313448428290 ) ) ;
#789 = ADVANCED_FACE ( 'NONE', ( #305 ), #1634, .T. ) ;
#790 = VERTEX_POINT ( 'NONE', #2822 ) ;
#791 = DIRECTION ( 'NONE',  ( 1.000000000000000000, 0.000000000000000000, 0.000000000000000000 ) ) ;
#792 = ADVANCED_FACE ( 'NONE', ( #1760 ), #2619, .F. ) ;
#793 = ORIENTED_EDGE ( 'NONE', *, *, #2284, .F. ) ;
#794 = CYLINDRICAL_SURFACE ( 'NONE', #1655, 2.500000000000000444 ) ;
#795 = ADVANCED_FACE ( 'NONE', ( #2368 ), #2634, .F. ) ;
#796 = ORIENTED_EDGE ( 'NONE', *, *, #2180, .F. ) ;
#797 = CARTESIAN_POINT ( 'NONE',  ( 0.000000000000000000, 0.000000000000000000, -11.50000000000000000 ) ) ;
#798 = ORIENTED_EDGE ( 'NONE', *, *, #1592, .T. ) ;
#799 = ORIENTED_EDGE ( 'NONE', *, *, #1810, .F. ) ;
#800 = AXIS2_PLACEMENT_3D ( 'NONE', #292, #282, #1172 ) ;
#801 = CIRCLE ( 'NONE', #2623, 2.500000000000000444 ) ;
#802 = CARTESIAN_POINT ( 'NONE',  ( -9.530482940345283538, 6.699999999999998401, -2.600000000000000089 ) ) ;
#803 = DIRECTION ( 'NONE',  ( 0.000000000000000000, 0.000000000000000000, 1.000000000000000000 ) ) ;
#804 = CARTESIAN_POINT ( 'NONE',  ( 11.53048294034528887, -14.99675905516699714, -4.000000000000000000 ) ) ;
#805 = AXIS2_PLACEMENT_3D ( 'NONE', #626, #396, #1277 ) ;
#806 = VERTEX_POINT ( 'NONE', #1946 ) ;
#807 = VERTEX_POINT ( 'NONE', #634 ) ;
#808 = CARTESIAN_POINT ( 'NONE',  ( 4.374452428089294465, -9.814665547863189232, -2.600000000000000089 ) ) ;
#809 = LINE ( 'NONE', #2593, #663 ) ;
#810 = EDGE_CURVE ( 'NONE', #1462, #402, #432, .T. ) ;
#811 = ADVANCED_FACE ( 'NONE', ( #2164 ), #1253, .F. ) ;
#812 = CARTESIAN_POINT ( 'NONE',  ( 22.69999999999999929, 0.000000000000000000, -2.600000000000000089 ) ) ;
#813 = VECTOR ( 'NONE', #275, 1000.000000000000000 ) ;
#814 = ORIENTED_EDGE ( 'NONE', *, *, #575, .F. ) ;
#815 = DIRECTION ( 'NONE',  ( 0.000000000000000000, 0.000000000000000000, 1.000000000000000000 ) ) ;
#816 = ORIENTED_EDGE ( 'NONE', *, *, #932, .F. ) ;
#817 = VERTEX_POINT ( 'NONE', #222 ) ;
#818 = LINE ( 'NONE', #2601, #1503 ) ;
#819 = CARTESIAN_POINT ( 'NONE',  ( 21.83689538373071670, -6.200000000000000178, -9.500000000000000000 ) ) ;
#820 = CARTESIAN_POINT ( 'NONE',  ( 24.50000000000000711, 0.000000000000000000, -5.000000000000000000 ) ) ;
#821 = ORIENTED_EDGE ( 'NONE', *, *, #1160, .T. ) ;
#822 = VERTEX_POINT ( 'NONE', #1729 ) ;
#823 = CARTESIAN_POINT ( 'NONE',  ( -15.69312813533679041, 0.000000000000000000, -1.499999999999987566 ) ) ;
#824 = CIRCLE ( 'NONE', #1609, 22.69999999999999929 ) ;
#825 =( LENGTH_UNIT ( ) NAMED_UNIT ( * ) SI_UNIT ( .MILLI., .METRE. ) );
#826 = LINE ( 'NONE', #1474, #52 ) ;
#827 = EDGE_CURVE ( 'NONE', #95, #2345, #415, .T. ) ;
#828 = ORIENTED_EDGE ( 'NONE', *, *, #1011, .T. ) ;
#829 = DIRECTION ( 'NONE',  ( -0.000000000000000000, 0.000000000000000000, 1.000000000000000000 ) ) ;
#830 = ORIENTED_EDGE ( 'NONE', *, *, #1287, .F. ) ;
#831 = EDGE_LOOP ( 'NONE', ( #401, #2627 ) ) ;
#832 = CARTESIAN_POINT ( 'NONE',  ( 13.61180553784100589, 13.61180553784106451, -2.000000000000000000 ) ) ;
#833 = DIRECTION ( 'NONE',  ( 0.000000000000000000, 0.000000000000000000, 1.000000000000000000 ) ) ;
#834 = FACE_OUTER_BOUND ( 'NONE', #680, .T. ) ;
#835 = ORIENTED_EDGE ( 'NONE', *, *, #2346, .F. ) ;
#836 = TOROIDAL_SURFACE ( 'NONE', #1480, 2.800000000000030465, 0.5000000000000000000 ) ;
#837 = VECTOR ( 'NONE', #1557, 1000.000000000000000 ) ;
#838 = ORIENTED_EDGE ( 'NONE', *, *, #667, .T. ) ;
#839 = PLANE ( 'NONE',  #1256 ) ;
#840 = DATE_TIME_ROLE ( 'creation_date' ) ;
#841 = VERTEX_POINT ( 'NONE', #2662 ) ;
#842 = CARTESIAN_POINT ( 'NONE',  ( 3.384320084140410341E-15, -14.99675905516699892, -4.000000000000000000 ) ) ;
#843 = ORIENTED_EDGE ( 'NONE', *, *, #1306, .T. ) ;
#844 = VERTEX_POINT ( 'NONE', #160 ) ;
#845 = ADVANCED_FACE ( 'NONE', ( #2852 ), #1931, .T. ) ;
#846 = CARTESIAN_POINT ( 'NONE',  ( 11.11180553784094904, 13.61180553784106451, -4.000000000000000000 ) ) ;
#847 = DIRECTION ( 'NONE',  ( 0.000000000000000000, 0.000000000000000000, 1.000000000000000000 ) ) ;
#848 = EDGE_CURVE ( 'NONE', #2373, #790, #205, .T. ) ;
#849 = CIRCLE ( 'NONE', #2012, 2.800000000000730793 ) ;
#850 = AXIS2_PLACEMENT_3D ( 'NONE', #425, #2203, #2028 ) ;
#851 = VERTEX_POINT ( 'NONE', #606 ) ;
#852 = ORIENTED_EDGE ( 'NONE', *, *, #699, .F. ) ;
#853 = DIRECTION ( 'NONE',  ( -0.000000000000000000, 0.000000000000000000, 1.000000000000000000 ) ) ;
#854 = AXIS2_PLACEMENT_3D ( 'NONE', #797, #2080, #1864 ) ;
#855 = ORIENTED_EDGE ( 'NONE', *, *, #884, .T. ) ;
#856 = DIRECTION ( 'NONE',  ( 0.000000000000000000, 0.000000000000000000, 1.000000000000000000 ) ) ;
#857 = ORIENTED_EDGE ( 'NONE', *, *, #1180, .T. ) ;
#858 = VERTEX_POINT ( 'NONE', #1774 ) ;
#859 = DIRECTION ( 'NONE',  ( -0.000000000000000000, 0.000000000000000000, 1.000000000000000000 ) ) ;
#860 = CYLINDRICAL_SURFACE ( 'NONE', #1960, 1.250000000000004663 ) ;
#861 = EDGE_CURVE ( 'NONE', #1734, #560, #1714, .T. ) ;
#862 = ORIENTED_EDGE ( 'NONE', *, *, #2521, .F. ) ;
#863 = ADVANCED_FACE ( 'NONE', ( #1060 ), #2400, .T. ) ;
#864 = VECTOR ( 'NONE', #2657, 1000.000000000000000 ) ;
#865 = ORIENTED_EDGE ( 'NONE', *, *, #2648, .T. ) ;
#866 = CARTESIAN_POINT ( 'NONE',  ( 13.61180553784100589, 13.61180553784106451, -2.600000000000000089 ) ) ;
#867 = CARTESIAN_POINT ( 'NONE',  ( 0.000000000000000000, 0.000000000000000000, -11.50000000000000000 ) ) ;
#868 = CALENDAR_DATE ( 2025, 9, 7 ) ;
#869 = VERTEX_POINT ( 'NONE', #1959 ) ;
#870 = CARTESIAN_POINT ( 'NONE',  ( -17.19312813533616691, 2.356064408783718367, -2.600000000000000089 ) ) ;
#871 = EDGE_LOOP ( 'NONE', ( #2176, #535, #2010, #1289 ) ) ;
#872 = ORIENTED_EDGE ( 'NONE', *, *, #1047, .T. ) ;
#873 = DIRECTION ( 'NONE',  ( 1.000000000000000000, 0.000000000000000000, 0.000000000000000000 ) ) ;
#874 = CYLINDRICAL_SURFACE ( 'NONE', #1517, 2.300000000000086864 ) ;
#875 = CARTESIAN_POINT ( 'NONE',  ( 10.81180553784071385, -13.61180553784025449, 0.000000000000000000 ) ) ;
#876 = ORIENTED_EDGE ( 'NONE', *, *, #1721, .T. ) ;
#877 = ORIENTED_EDGE ( 'NONE', *, *, #2415, .T. ) ;
#878 = CARTESIAN_POINT ( 'NONE',  ( 0.000000000000000000, 0.000000000000000000, -5.000000000000000000 ) ) ;
#879 = DIRECTION ( 'NONE',  ( 0.000000000000000000, -1.000000000000000000, 0.000000000000000000 ) ) ;
#880 = EDGE_CURVE ( 'NONE', #2002, #514, #660, .T. ) ;
#881 = AXIS2_PLACEMENT_3D ( 'NONE', #1331, #1788, #1813 ) ;
#882 = CARTESIAN_POINT ( 'NONE',  ( 11.31180553784071385, -13.61180553784025449, -2.000000000000000000 ) ) ;
#883 = PERSON_AND_ORGANIZATION_ROLE ( 'classification_officer' ) ;
#884 = EDGE_CURVE ( 'NONE', #182, #869, #153, .T. ) ;
#885 = LINE ( 'NONE', #912, #391 ) ;
#886 = EDGE_CURVE ( 'NONE', #1878, #174, #2148, .T. ) ;
#887 = EDGE_LOOP ( 'NONE', ( #987, #1697, #1291, #1061 ) ) ;
#888 = DIRECTION ( 'NONE',  ( -0.000000000000000000, 0.000000000000000000, 1.000000000000000000 ) ) ;
#889 = CARTESIAN_POINT ( 'NONE',  ( 16.41180553784217366, -13.61180553784025449, -0.5000000000000000000 ) ) ;
#890 = DIRECTION ( 'NONE',  ( 0.000000000000000000, 0.000000000000000000, 1.000000000000000000 ) ) ;
#891 = ORIENTED_EDGE ( 'NONE', *, *, #2648, .F. ) ;
#892 = AXIS2_PLACEMENT_3D ( 'NONE', #1871, #1415, #117 ) ;
#893 = ORIENTED_EDGE ( 'NONE', *, *, #2490, .F. ) ;
#894 = CARTESIAN_POINT ( 'NONE',  ( 15.62123548307058130, -16.47057923750396213, -5.755853507694232540 ) ) ;
#895 = DIRECTION ( 'NONE',  ( 0.000000000000000000, -1.000000000000000000, 0.000000000000000000 ) ) ;
#896 = AXIS2_PLACEMENT_3D ( 'NONE', #2459, #908, #2039 ) ;
#897 = CARTESIAN_POINT ( 'NONE',  ( 13.61180553784107161, -13.61180553784101299, -4.000000000000000000 ) ) ;
#898 = CC_DESIGN_APPROVAL ( #719, ( #1498 ) ) ;
#899 = AXIS2_PLACEMENT_3D ( 'NONE', #1229, #1005, #2109 ) ;
#900 = CC_DESIGN_DATE_AND_TIME_ASSIGNMENT ( #2178, #840, ( #2577 ) ) ;
#901 = AXIS2_PLACEMENT_3D ( 'NONE', #832, #1926, #1708 ) ;
#902 = CARTESIAN_POINT ( 'NONE',  ( 13.61180553784107161, -13.61180553784101299, -4.000000000000000000 ) ) ;
#903 = ADVANCED_FACE ( 'NONE', ( #2838, #647 ), #839, .T. ) ;
#904 = ORIENTED_EDGE ( 'NONE', *, *, #1399, .F. ) ;
#905 = CYLINDRICAL_SURFACE ( 'NONE', #786, 2.300000000000202771 ) ;
#906 = CARTESIAN_POINT ( 'NONE',  ( -0.000000000000000000, 7.699999999999998401, -2.600000000000000089 ) ) ;
#907 = CARTESIAN_POINT ( 'NONE',  ( 4.374452428089294465, -17.26005550586760506, 0.000000000000000000 ) ) ;
#908 = DIRECTION ( 'NONE',  ( 0.000000000000000000, 0.000000000000000000, 1.000000000000000000 ) ) ;
#909 = CARTESIAN_POINT ( 'NONE',  ( -4.374452428089294465, -9.814665547863189232, 0.000000000000000000 ) ) ;
#910 = LINE ( 'NONE', #1565, #2370 ) ;
#911 = DIRECTION ( 'NONE',  ( 1.000000000000000000, 0.000000000000000000, 0.000000000000000000 ) ) ;
#912 = CARTESIAN_POINT ( 'NONE',  ( -8.530482940345283538, 0.000000000000000000, -2.600000000000000089 ) ) ;
#913 = VERTEX_POINT ( 'NONE', #1091 ) ;
#914 = DIRECTION ( 'NONE',  ( 1.000000000000000000, 0.000000000000000000, 0.000000000000000000 ) ) ;
#915 = CIRCLE ( 'NONE', #1285, 22.69999999999999929 ) ;
#916 = ADVANCED_FACE ( 'NONE', ( #2703 ), #921, .T. ) ;
#917 = LINE ( 'NONE', #696, #2386 ) ;
#918 = DIRECTION ( 'NONE',  ( 0.000000000000000000, -1.000000000000000000, 0.000000000000000000 ) ) ;
#919 = CARTESIAN_POINT ( 'NONE',  ( -15.20166056502939078, -17.26005550586760506, 0.000000000000000000 ) ) ;
#920 = DIRECTION ( 'NONE',  ( 0.000000000000000000, -1.000000000000000000, 0.000000000000000000 ) ) ;
#921 = CYLINDRICAL_SURFACE ( 'NONE', #881, 24.50000000000000711 ) ;
#922 = DIRECTION ( 'NONE',  ( 1.000000000000000000, 0.000000000000000000, 0.000000000000000000 ) ) ;
#923 = VECTOR ( 'NONE', #2569, 1000.000000000000000 ) ;
#924 = CIRCLE ( 'NONE', #2743, 22.69999999999999929 ) ;
#925 = DIRECTION ( 'NONE',  ( 1.000000000000000000, 0.000000000000000000, 0.000000000000000000 ) ) ;
#926 = ORIENTED_EDGE ( 'NONE', *, *, #386, .T. ) ;
#927 = CARTESIAN_POINT ( 'NONE',  ( 15.68835440543337967, -17.26005550586760506, -0.02546811817316569151 ) ) ;
#928 = DIRECTION ( 'NONE',  ( 0.000000000000000000, -1.000000000000000000, 0.000000000000000000 ) ) ;
#929 = CARTESIAN_POINT ( 'NONE',  ( -12.36180553784052805, -13.61180553784087799, -2.000000000000000000 ) ) ;
#930 = EDGE_CURVE ( 'NONE', #1304, #338, #691, .T. ) ;
#931 = CIRCLE ( 'NONE', #1300, 1.250000000000032419 ) ;
#932 = EDGE_CURVE ( 'NONE', #351, #817, #263, .T. ) ;
#933 = PLANE ( 'NONE',  #1591 ) ;
#934 = DIRECTION ( 'NONE',  ( 1.000000000000000000, 0.000000000000000000, 0.000000000000000000 ) ) ;
#935 = DIRECTION ( 'NONE',  ( 1.000000000000000000, 0.000000000000000000, 0.000000000000000000 ) ) ;
#936 = CARTESIAN_POINT ( 'NONE',  ( -11.53048294034528531, 3.856064408783717479, -2.600000000000000089 ) ) ;
#937 = VECTOR ( 'NONE', #2462, 1000.000000000000000 ) ;
#938 = DIRECTION ( 'NONE',  ( 0.000000000000000000, -1.000000000000000000, 0.000000000000000000 ) ) ;
#939 = ORIENTED_EDGE ( 'NONE', *, *, #2790, .F. ) ;
#940 = LINE ( 'NONE', #1836, #1199 ) ;
#941 = PLANE ( 'NONE',  #2198 ) ;
#942 = CARTESIAN_POINT ( 'NONE',  ( -13.61180553784101299, -13.61180553784106451, -0.5000000000000000000 ) ) ;
#943 = EDGE_LOOP ( 'NONE', ( #2283, #413 ) ) ;
#944 = CARTESIAN_POINT ( 'NONE',  ( 11.11180553784111069, -13.61180553784101299, -4.000000000000000000 ) ) ;
#945 = CARTESIAN_POINT ( 'NONE',  ( 24.50000000000000711, 0.000000000000000000, -11.50000000000000000 ) ) ;
#946 = LINE ( 'NONE', #2263, #2087 ) ;
#947 = ADVANCED_FACE ( 'NONE', ( #43 ), #701, .F. ) ;
#948 = ORIENTED_EDGE ( 'NONE', *, *, #2361, .T. ) ;
#949 = EDGE_LOOP ( 'NONE', ( #593, #1465 ) ) ;
#950 = CARTESIAN_POINT ( 'NONE',  ( 17.38794076175697967, -17.26005550586760506, -1.499999999999999556 ) ) ;
#951 = LINE ( 'NONE', #1849, #1447 ) ;
#952 = CYLINDRICAL_SURFACE ( 'NONE', #899, 1.250000000000101696 ) ;
#953 = ORIENTED_EDGE ( 'NONE', *, *, #2401, .F. ) ;
#954 = AXIS2_PLACEMENT_3D ( 'NONE', #772, #2539, #2770 ) ;
#955 = CARTESIAN_POINT ( 'NONE',  ( -11.31180553784080978, -13.61180553784106451, -2.000000000000000000 ) ) ;
#956 = CARTESIAN_POINT ( 'NONE',  ( 13.61180553784107161, -13.61180553784101299, -2.600000000000000089 ) ) ;
#957 = PLANE ( 'NONE',  #1814 ) ;
#958 = VERTEX_POINT ( 'NONE', #689 ) ;
#959 = CARTESIAN_POINT ( 'NONE',  ( 0.000000000000000000, 0.000000000000000000, -11.50000000000000000 ) ) ;
#960 = EDGE_CURVE ( 'NONE', #869, #182, #2231, .T. ) ;
#961 = EDGE_CURVE ( 'NONE', #1282, #743, #910, .T. ) ;
#962 = ORIENTED_EDGE ( 'NONE', *, *, #102, .F. ) ;
#963 = DIRECTION ( 'NONE',  ( 1.000000000000000000, 0.000000000000000000, 0.000000000000000000 ) ) ;
#964 = VECTOR ( 'NONE', #31, 1000.000000000000000 ) ;
#965 = CIRCLE ( 'NONE', #2371, 24.50000000000000711 ) ;
#966 = CARTESIAN_POINT ( 'NONE',  ( -13.61180553784082470, -13.61180553784087799, -4.000000000000000000 ) ) ;
#967 = FACE_OUTER_BOUND ( 'NONE', #1672, .T. ) ;
#968 = ORIENTED_EDGE ( 'NONE', *, *, #2221, .T. ) ;
#969 = DIRECTION ( 'NONE',  ( 1.000000000000000000, 0.000000000000000000, 0.000000000000000000 ) ) ;
#970 = PLANE ( 'NONE',  #1674 ) ;
#971 = FACE_OUTER_BOUND ( 'NONE', #1401, .T. ) ;
#972 = ORIENTED_EDGE ( 'NONE', *, *, #615, .F. ) ;
#973 = DIRECTION ( 'NONE',  ( 1.000000000000000000, 0.000000000000000000, 0.000000000000000000 ) ) ;
#974 = EDGE_LOOP ( 'NONE', ( #972, #2585, #1904, #994 ) ) ;
#975 = DIRECTION ( 'NONE',  ( 1.000000000000000000, 0.000000000000000000, 0.000000000000000000 ) ) ;
#976 = CIRCLE ( 'NONE', #617, 22.69999999999999929 ) ;
#977 = EDGE_CURVE ( 'NONE', #1938, #174, #2742, .T. ) ;
#978 = ORIENTED_EDGE ( 'NONE', *, *, #1721, .F. ) ;
#979 = VECTOR ( 'NONE', #32, 1000.000000000000000 ) ;
#980 = DIRECTION ( 'NONE',  ( 0.000000000000000000, 0.000000000000000000, 1.000000000000000000 ) ) ;
#981 = ORIENTED_EDGE ( 'NONE', *, *, #1860, .T. ) ;
#982 = AXIS2_PLACEMENT_3D ( 'NONE', #534, #106, #2326 ) ;
#983 = AXIS2_PLACEMENT_3D ( 'NONE', #2848, #2817, #411 ) ;
#984 = DIRECTION ( 'NONE',  ( -0.000000000000000000, -0.000000000000000000, 1.000000000000000000 ) ) ;
#985 = CARTESIAN_POINT ( 'NONE',  ( -11.11180553784027403, -13.61180553784104319, -4.000000000000000000 ) ) ;
#986 = CARTESIAN_POINT ( 'NONE',  ( 0.000000000000000000, -17.26005550586760506, -4.000000000000000000 ) ) ;
#987 = ORIENTED_EDGE ( 'NONE', *, *, #2183, .T. ) ;
#988 = FACE_OUTER_BOUND ( 'NONE', #1523, .T. ) ;
#989 = ORIENTED_EDGE ( 'NONE', *, *, #1094, .F. ) ;
#990 = DIRECTION ( 'NONE',  ( 0.000000000000000000, -1.000000000000000000, 0.000000000000000000 ) ) ;
#991 = EDGE_LOOP ( 'NONE', ( #1196, #1912, #352, #1665 ) ) ;
#992 = CARTESIAN_POINT ( 'NONE',  ( -24.50000000000000711, 3.000384657911016257E-15, -11.50000000000000000 ) ) ;
#993 = ORIENTED_EDGE ( 'NONE', *, *, #33, .T. ) ;
#994 = ORIENTED_EDGE ( 'NONE', *, *, #1180, .F. ) ;
#995 = ADVANCED_FACE ( 'NONE', ( #2486 ), #1121, .F. ) ;
#996 = DIRECTION ( 'NONE',  ( -1.000000000000000000, 0.000000000000000000, 0.000000000000000000 ) ) ;
#997 = CARTESIAN_POINT ( 'NONE',  ( -13.61180553784101299, -13.61180553784106451, -0.5000000000000000000 ) ) ;
#998 = ADVANCED_FACE ( 'NONE', ( #1606 ), #2320, .T. ) ;
#999 = FACE_BOUND ( 'NONE', #2530, .T. ) ;
#1000 = ORIENTED_EDGE ( 'NONE', *, *, #2554, .T. ) ;
#1001 = CARTESIAN_POINT ( 'NONE',  ( 22.69999999999999929, 0.000000000000000000, -10.50000000000000000 ) ) ;
#1002 = ORIENTED_EDGE ( 'NONE', *, *, #1145, .T. ) ;
#1003 = CARTESIAN_POINT ( 'NONE',  ( 11.11180553784094904, 13.61180553784106451, -2.600000000000000089 ) ) ;
#1004 = ORIENTED_EDGE ( 'NONE', *, *, #121, .F. ) ;
#1005 = DIRECTION ( 'NONE',  ( 0.000000000000000000, 0.000000000000000000, 1.000000000000000000 ) ) ;
#1006 = VERTEX_POINT ( 'NONE', #1827 ) ;
#1007 = EDGE_LOOP ( 'NONE', ( #1231, #2331, #361, #1818, #35, #2392, #2390 ) ) ;
#1008 = DIRECTION ( 'NONE',  ( 1.000000000000000000, 2.256700978985438287E-16, 0.000000000000000000 ) ) ;
#1009 = DIRECTION ( 'NONE',  ( 1.000000000000000000, 0.000000000000000000, 0.000000000000000000 ) ) ;
#1010 = CARTESIAN_POINT ( 'NONE',  ( -15.91180553784109897, 13.61180553784100944, -2.000000000000000000 ) ) ;
#1011 = EDGE_CURVE ( 'NONE', #1429, #1748, #946, .T. ) ;
#1012 = EDGE_LOOP ( 'NONE', ( #1743, #2432, #2464, #1404 ) ) ;
#1013 = EDGE_CURVE ( 'NONE', #2837, #2345, #2236, .T. ) ;
#1014 = DIRECTION ( 'NONE',  ( 0.000000000000000000, 0.000000000000000000, 1.000000000000000000 ) ) ;
#1015 = FACE_OUTER_BOUND ( 'NONE', #1216, .T. ) ;
#1016 = CARTESIAN_POINT ( 'NONE',  ( 0.000000000000000000, -9.814665547863189232, -2.600000000000000089 ) ) ;
#1017 = ORIENTED_EDGE ( 'NONE', *, *, #2538, .F. ) ;
#1018 = PLANE ( 'NONE',  #115 ) ;
#1019 = VERTEX_POINT ( 'NONE', #14 ) ;
#1020 = ORIENTED_EDGE ( 'NONE', *, *, #2665, .F. ) ;
#1021 = VECTOR ( 'NONE', #2004, 1000.000000000000000 ) ;
#1022 = CARTESIAN_POINT ( 'NONE',  ( -15.69312813533679041, 6.200000000000000178, -1.499999999999987566 ) ) ;
#1023 = LINE ( 'NONE', #1927, #2501 ) ;
#1024 = VECTOR ( 'NONE', #594, 1000.000000000000000 ) ;
#1025 = DIRECTION ( 'NONE',  ( 0.000000000000000000, -1.000000000000000000, 0.000000000000000000 ) ) ;
#1026 = AXIS2_PLACEMENT_3D ( 'NONE', #39, #1587, #2495 ) ;
#1027 = VERTEX_POINT ( 'NONE', #276 ) ;
#1028 = ORIENTED_EDGE ( 'NONE', *, *, #76, .F. ) ;
#1029 = DIRECTION ( 'NONE',  ( -0.000000000000000000, 0.000000000000000000, 1.000000000000000000 ) ) ;
#1030 = ADVANCED_FACE ( 'NONE', ( #1150 ), #836, .T. ) ;
#1031 = CALENDAR_DATE ( 2025, 9, 7 ) ;
#1032 = EDGE_CURVE ( 'NONE', #572, #240, #1198, .T. ) ;
#1033 = DIRECTION ( 'NONE',  ( 0.000000000000000000, -0.000000000000000000, -1.000000000000000000 ) ) ;
#1034 = VECTOR ( 'NONE', #833, 1000.000000000000000 ) ;
#1035 = EDGE_LOOP ( 'NONE', ( #422, #1980 ) ) ;
#1036 = LINE ( 'NONE', #148, #1024 ) ;
#1037 = EDGE_LOOP ( 'NONE', ( #1508, #2515, #504, #2803, #609 ) ) ;
#1038 = ORIENTED_EDGE ( 'NONE', *, *, #2221, .F. ) ;
#1039 = CARTESIAN_POINT ( 'NONE',  ( -11.11180553784027403, -13.61180553784104319, -4.000000000000000000 ) ) ;
#1040 = DIRECTION ( 'NONE',  ( 0.000000000000000000, 0.000000000000000000, 1.000000000000000000 ) ) ;
#1041 = DIRECTION ( 'NONE',  ( 1.000000000000000000, 0.000000000000000000, 0.000000000000000000 ) ) ;
#1042 = ORIENTED_EDGE ( 'NONE', *, *, #2471, .F. ) ;
#1043 = ORIENTED_EDGE ( 'NONE', *, *, #1094, .T. ) ;
#1044 = DIRECTION ( 'NONE',  ( 1.000000000000000000, 0.000000000000000000, 0.000000000000000000 ) ) ;
#1045 = VECTOR ( 'NONE', #151, 1000.000000000000000 ) ;
#1046 = PERSON_AND_ORGANIZATION ( #2575, #114 ) ;
#1047 = EDGE_CURVE ( 'NONE', #694, #2580, #2461, .T. ) ;
#1048 = DIRECTION ( 'NONE',  ( 0.000000000000000000, 0.7071067811865442421, 0.7071067811865509034 ) ) ;
#1049 = ADVANCED_FACE ( 'NONE', ( #73 ), #500, .F. ) ;
#1050 = ORIENTED_EDGE ( 'NONE', *, *, #1327, .T. ) ;
#1051 = FACE_OUTER_BOUND ( 'NONE', #1929, .T. ) ;
#1052 = VERTEX_POINT ( 'NONE', #2447 ) ;
#1053 = EDGE_LOOP ( 'NONE', ( #2858, #1283, #814, #1183 ) ) ;
#1054 = DIRECTION ( 'NONE',  ( 1.000000000000000000, 0.000000000000000000, 0.000000000000000000 ) ) ;
#1055 = DIRECTION ( 'NONE',  ( -0.000000000000000000, 0.000000000000000000, 1.000000000000000000 ) ) ;
#1056 = ORIENTED_EDGE ( 'NONE', *, *, #932, .T. ) ;
#1057 = VECTOR ( 'NONE', #2072, 1000.000000000000114 ) ;
#1058 = CIRCLE ( 'NONE', #1723, 2.500000000000000444 ) ;
#1059 = ORIENTED_EDGE ( 'NONE', *, *, #717, .F. ) ;
#1060 = FACE_OUTER_BOUND ( 'NONE', #871, .T. ) ;
#1061 = ORIENTED_EDGE ( 'NONE', *, *, #457, .T. ) ;
#1062 = DIRECTION ( 'NONE',  ( 1.000000000000000000, 0.000000000000000000, 0.000000000000000000 ) ) ;
#1063 = EDGE_LOOP ( 'NONE', ( #1223, #2085, #2339, #2427, #2168, #2732, #1259, #2865 ) ) ;
#1064 = VERTEX_POINT ( 'NONE', #448 ) ;
#1065 = ADVANCED_FACE ( 'NONE', ( #462 ), #2288, .F. ) ;
#1066 = EDGE_CURVE ( 'NONE', #619, #1019, #238, .T. ) ;
#1067 = DIRECTION ( 'NONE',  ( 0.000000000000000000, 1.000000000000000000, 0.000000000000000000 ) ) ;
#1068 = CARTESIAN_POINT ( 'NONE',  ( -15.45584248168657204, -16.62588197608236840, -5.882883764874260457 ) ) ;
#1069 = CIRCLE ( 'NONE', #17, 22.69999999999999929 ) ;
#1070 = AXIS2_PLACEMENT_3D ( 'NONE', #213, #2877, #80 ) ;
#1071 = CIRCLE ( 'NONE', #1125, 22.69999999999999929 ) ;
#1072 = VERTEX_POINT ( 'NONE', #303 ) ;
#1073 = ORIENTED_EDGE ( 'NONE', *, *, #2538, .T. ) ;
#1074 = CARTESIAN_POINT ( 'NONE',  ( 13.61180553784100589, 13.61180553784106451, -4.000000000000000000 ) ) ;
#1075 = DIRECTION ( 'NONE',  ( 0.000000000000000000, -1.000000000000000000, 0.000000000000000000 ) ) ;
#1076 = VECTOR ( 'NONE', #980, 1000.000000000000000 ) ;
#1077 = MANIFOLD_SOLID_BREP ( 'µ¹½Ç2', #2334 ) ;
#1078 = ORIENTED_EDGE ( 'NONE', *, *, #2738, .F. ) ;
#1079 = CARTESIAN_POINT ( 'NONE',  ( 13.61180553784144465, -13.61180553784025449, -0.5000000000000000000 ) ) ;
#1080 = ORIENTED_EDGE ( 'NONE', *, *, #2106, .T. ) ;
#1081 = EDGE_LOOP ( 'NONE', ( #843, #337, #320, #1225, #1328, #439, #1923, #1449 ) ) ;
#1082 = AXIS2_PLACEMENT_3D ( 'NONE', #997, #585, #1896 ) ;
#1083 = DIRECTION ( 'NONE',  ( 0.000000000000000000, -1.000000000000000000, 0.000000000000000000 ) ) ;
#1084 = CARTESIAN_POINT ( 'NONE',  ( -4.374452428089294465, -14.99675905516700070, -4.000000000000000000 ) ) ;
#1085 = CARTESIAN_POINT ( 'NONE',  ( -15.17635427014396754, -16.88148708223680927, -5.986298932290682551 ) ) ;
#1086 = EDGE_CURVE ( 'NONE', #807, #2376, #2542, .T. ) ;
#1087 = CARTESIAN_POINT ( 'NONE',  ( -15.91180553784109897, 13.61180553784100944, -2.000000000000000000 ) ) ;
#1088 = ADVANCED_FACE ( 'NONE', ( #1455, #999, #539, #2758, #1647, #85 ), #957, .T. ) ;
#1089 = ORIENTED_EDGE ( 'NONE', *, *, #1845, .T. ) ;
#1090 = DIRECTION ( 'NONE',  ( -2.574492679385935349E-15, -1.000000000000000000, 0.000000000000000000 ) ) ;
#1091 = CARTESIAN_POINT ( 'NONE',  ( 11.53048294034538657, -14.99675905516699537, -2.600000000000000089 ) ) ;
#1092 = CARTESIAN_POINT ( 'NONE',  ( -4.374452428089294465, -14.99675905516700070, -4.000000000000000000 ) ) ;
#1093 = PERSON_AND_ORGANIZATION ( #2575, #114 ) ;
#1094 = EDGE_CURVE ( 'NONE', #2404, #1734, #1424, .T. ) ;
#1095 = AXIS2_PLACEMENT_3D ( 'NONE', #139, #1466, #2300 ) ;
#1096 = CARTESIAN_POINT ( 'NONE',  ( 13.61180553784107161, -13.61180553784101299, -4.000000000000000000 ) ) ;
#1097 = CIRCLE ( 'NONE', #134, 23.00000000000000711 ) ;
#1098 = EDGE_LOOP ( 'NONE', ( #576, #1292, #2628, #132 ) ) ;
#1099 = DIRECTION ( 'NONE',  ( -0.000000000000000000, 0.000000000000000000, 1.000000000000000000 ) ) ;
#1100 = CARTESIAN_POINT ( 'NONE',  ( -17.04075168064092693, -14.99675905516700070, -4.000000000000000000 ) ) ;
#1101 = DIRECTION ( 'NONE',  ( -0.000000000000000000, 0.000000000000000000, 1.000000000000000000 ) ) ;
#1102 = FACE_OUTER_BOUND ( 'NONE', #2590, .T. ) ;
#1103 = ORIENTED_EDGE ( 'NONE', *, *, #1479, .T. ) ;
#1104 = ORIENTED_EDGE ( 'NONE', *, *, #2219, .T. ) ;
#1105 = LINE ( 'NONE', #245, #1448 ) ;
#1106 = CARTESIAN_POINT ( 'NONE',  ( 13.61180553784100589, 13.61180553784106451, -2.000000000000000000 ) ) ;
#1107 = EDGE_CURVE ( 'NONE', #1515, #1052, #1659, .T. ) ;
#1108 = AXIS2_PLACEMENT_3D ( 'NONE', #1374, #2005, #935 ) ;
#1109 = CIRCLE ( 'NONE', #2047, 2.499999999999960476 ) ;
#1110 = EDGE_CURVE ( 'NONE', #2660, #514, #2511, .T. ) ;
#1111 = DIRECTION ( 'NONE',  ( 1.000000000000000000, 0.000000000000000000, 0.000000000000000000 ) ) ;
#1112 = DIRECTION ( 'NONE',  ( 0.000000000000000000, 0.000000000000000000, 1.000000000000000000 ) ) ;
#1113 = ORIENTED_EDGE ( 'NONE', *, *, #2455, .F. ) ;
#1114 = DIRECTION ( 'NONE',  ( 1.000000000000000000, 0.000000000000000000, 0.000000000000000000 ) ) ;
#1115 = CARTESIAN_POINT ( 'NONE',  ( -17.19312813533679218, 7.700000000000001066, 0.000000000000000000 ) ) ;
#1116 = PLANE ( 'NONE',  #1268 ) ;
#1117 = PRODUCT ( 'HT4315\X2\540e76d6\X0\', 'HT4315\X2\540e76d6\X0\', '', ( #2413 ) ) ;
#1118 = DIRECTION ( 'NONE',  ( 1.000000000000000000, 0.000000000000000000, 0.000000000000000000 ) ) ;
#1119 = CIRCLE ( 'NONE', #2620, 2.800000000000203215 ) ;
#1120 = DIRECTION ( 'NONE',  ( -0.5773502691896275074, 0.5773502691896275074, -0.5773502691896221783 ) ) ;
#1121 = PLANE ( 'NONE',  #1858 ) ;
#1122 = AXIS2_PLACEMENT_3D ( 'NONE', #460, #2070, #2484 ) ;
#1123 = DIRECTION ( 'NONE',  ( 1.000000000000000000, 0.000000000000000000, 0.000000000000000000 ) ) ;
#1124 = LOCAL_TIME ( 15, 12, 12.00000000000000000, #1318 ) ;
#1125 = AXIS2_PLACEMENT_3D ( 'NONE', #878, #1975, #1773 ) ;
#1126 = AXIS2_PLACEMENT_3D ( 'NONE', #2374, #378, #1979 ) ;
#1127 = EDGE_CURVE ( 'NONE', #2181, #103, #551, .T. ) ;
#1128 = APPLICATION_CONTEXT ( 'configuration controlled 3d designs of mechanical parts and assemblies' ) ;
#1129 = VECTOR ( 'NONE', #2862, 1000.000000000000000 ) ;
#1130 = CYLINDRICAL_SURFACE ( 'NONE', #710, 2.499999999999960476 ) ;
#1131 = EDGE_LOOP ( 'NONE', ( #1252, #2358 ) ) ;
#1132 = DIRECTION ( 'NONE',  ( 1.000000000000000000, 0.000000000000000000, 0.000000000000000000 ) ) ;
#1133 = DIRECTION ( 'NONE',  ( 0.000000000000000000, -0.000000000000000000, -1.000000000000000000 ) ) ;
#1134 = EDGE_CURVE ( 'NONE', #12, #87, #324, .T. ) ;
#1135 = CARTESIAN_POINT ( 'NONE',  ( -13.61180553784082470, -13.61180553784087799, -4.000000000000000000 ) ) ;
#1136 = CARTESIAN_POINT ( 'NONE',  ( 0.000000000000000000, 6.200000000000000178, -1.499999999999987566 ) ) ;
#1137 = CARTESIAN_POINT ( 'NONE',  ( -22.69999999999999929, 2.779948234064491097E-15, -10.50000000000000000 ) ) ;
#1138 = DIRECTION ( 'NONE',  ( -0.000000000000000000, -0.000000000000000000, 1.000000000000000000 ) ) ;
#1139 = DIRECTION ( 'NONE',  ( -0.000000000000000000, 0.000000000000000000, 1.000000000000000000 ) ) ;
#1140 = AXIS2_PLACEMENT_3D ( 'NONE', #1309, #2205, #215 ) ;
#1141 = EDGE_CURVE ( 'NONE', #198, #588, #1236, .T. ) ;
#1142 = CARTESIAN_POINT ( 'NONE',  ( -16.19312813533647955, 3.356064408783718367, -2.600000000000000089 ) ) ;
#1143 = ORIENTED_EDGE ( 'NONE', *, *, #1326, .F. ) ;
#1144 = DIRECTION ( 'NONE',  ( 1.000000000000000000, 0.000000000000000000, 0.000000000000000000 ) ) ;
#1145 = EDGE_CURVE ( 'NONE', #304, #78, #2186, .T. ) ;
#1146 = LINE ( 'NONE', #1753, #1828 ) ;
#1147 = DIRECTION ( 'NONE',  ( -0.5773502691896275074, -0.5773502691896275074, 0.5773502691896221783 ) ) ;
#1148 = DIRECTION ( 'NONE',  ( -0.000000000000000000, 0.000000000000000000, 1.000000000000000000 ) ) ;
#1149 = DIRECTION ( 'NONE',  ( 1.000000000000000000, 2.256700978985438287E-16, 0.000000000000000000 ) ) ;
#1150 = FACE_OUTER_BOUND ( 'NONE', #1669, .T. ) ;
#1151 = CARTESIAN_POINT ( 'NONE',  ( 0.000000000000000000, 0.000000000000000000, -4.000000000000000000 ) ) ;
#1152 = TOROIDAL_SURFACE ( 'NONE', #2001, 23.00000000000000711, 1.500000000000000000 ) ;
#1153 = DIRECTION ( 'NONE',  ( 1.000000000000000000, 0.000000000000000000, 0.000000000000000000 ) ) ;
#1154 = ORIENTED_EDGE ( 'NONE', *, *, #2107, .F. ) ;
#1155 = CARTESIAN_POINT ( 'NONE',  ( 13.61180553784107161, -13.61180553784101299, -4.000000000000000000 ) ) ;
#1156 = LINE ( 'NONE', #2133, #1166 ) ;
#1157 = FACE_OUTER_BOUND ( 'NONE', #2294, .T. ) ;
#1158 = ORIENTED_EDGE ( 'NONE', *, *, #1610, .F. ) ;
#1159 = AXIS2_PLACEMENT_3D ( 'NONE', #2552, #1163, #2498 ) ;
#1160 = EDGE_CURVE ( 'NONE', #2419, #2411, #742, .T. ) ;
#1161 = DIRECTION ( 'NONE',  ( -0.000000000000000000, 0.000000000000000000, 1.000000000000000000 ) ) ;
#1162 = ADVANCED_FACE ( 'NONE', ( #2349 ), #1191, .F. ) ;
#1163 = DIRECTION ( 'NONE',  ( 0.000000000000000000, -0.000000000000000000, -1.000000000000000000 ) ) ;
#1164 = CARTESIAN_POINT ( 'NONE',  ( -3.860904640204206463E-14, -14.99675905516695806, -2.600000000000000089 ) ) ;
#1165 = ORIENTED_EDGE ( 'NONE', *, *, #960, .F. ) ;
#1166 = VECTOR ( 'NONE', #1863, 1000.000000000000000 ) ;
#1167 = AXIS2_PLACEMENT_3D ( 'NONE', #461, #1589, #1343 ) ;
#1168 = AXIS2_PLACEMENT_3D ( 'NONE', #2256, #2433, #266 ) ;
#1169 = ORIENTED_EDGE ( 'NONE', *, *, #1273, .F. ) ;
#1170 = CYLINDRICAL_SURFACE ( 'NONE', #97, 22.69999999999999929 ) ;
#1171 = VECTOR ( 'NONE', #2266, 1000.000000000000000 ) ;
#1172 = DIRECTION ( 'NONE',  ( 1.000000000000000000, 0.000000000000000000, 0.000000000000000000 ) ) ;
#1173 = DIRECTION ( 'NONE',  ( -0.000000000000000000, -0.000000000000000000, 1.000000000000000000 ) ) ;
#1174 = ORIENTED_EDGE ( 'NONE', *, *, #2361, .F. ) ;
#1175 = DIRECTION ( 'NONE',  ( 0.000000000000000000, -0.7071067811865442421, 0.7071067811865509034 ) ) ;
#1176 = EDGE_CURVE ( 'NONE', #12, #1938, #2526, .T. ) ;
#1177 = FACE_OUTER_BOUND ( 'NONE', #1637, .T. ) ;
#1178 = DIRECTION ( 'NONE',  ( 1.000000000000000000, 0.000000000000000000, 0.000000000000000000 ) ) ;
#1179 = VECTOR ( 'NONE', #2174, 1000.000000000000000 ) ;
#1180 = EDGE_CURVE ( 'NONE', #2074, #232, #2303, .T. ) ;
#1181 = EDGE_LOOP ( 'NONE', ( #547, #1719, #1056, #1843 ) ) ;
#1182 = DIRECTION ( 'NONE',  ( 0.000000000000000000, -0.000000000000000000, -1.000000000000000000 ) ) ;
#1183 = ORIENTED_EDGE ( 'NONE', *, *, #636, .T. ) ;
#1184 = CARTESIAN_POINT ( 'NONE',  ( -13.61180553784027580, -13.61180553784104319, -4.000000000000000000 ) ) ;
#1185 = CARTESIAN_POINT ( 'NONE',  ( 0.000000000000000000, 6.699999999999998401, -4.000000000000000000 ) ) ;
#1186 = LINE ( 'NONE', #2121, #665 ) ;
#1187 = ORIENTED_EDGE ( 'NONE', *, *, #1707, .T. ) ;
#1188 = CIRCLE ( 'NONE', #2355, 2.500000000000031530 ) ;
#1189 = CARTESIAN_POINT ( 'NONE',  ( 22.69999999999999929, 0.000000000000000000, -10.50000000000000000 ) ) ;
#1190 = DIRECTION ( 'NONE',  ( 1.000000000000000000, 0.000000000000000000, 0.000000000000000000 ) ) ;
#1191 = PLANE ( 'NONE',  #2557 ) ;
#1192 = ORIENTED_EDGE ( 'NONE', *, *, #1377, .F. ) ;
#1193 = LINE ( 'NONE', #2592, #1209 ) ;
#1194 = ADVANCED_FACE ( 'NONE', ( #971 ), #1205, .F. ) ;
#1195 = ADVANCED_FACE ( 'NONE', ( #2774 ), #1667, .T. ) ;
#1196 = ORIENTED_EDGE ( 'NONE', *, *, #2338, .F. ) ;
#1197 = DIRECTION ( 'NONE',  ( -0.000000000000000000, 0.000000000000000000, 1.000000000000000000 ) ) ;
#1198 = CIRCLE ( 'NONE', #417, 1.250000000000032419 ) ;
#1199 = VECTOR ( 'NONE', #723, 1000.000000000000000 ) ;
#1200 = EDGE_LOOP ( 'NONE', ( #306, #1278, #2277, #2094 ) ) ;
#1201 = CYLINDRICAL_SURFACE ( 'NONE', #1920, 2.500000000000000444 ) ;
#1202 = VERTEX_POINT ( 'NONE', #342 ) ;
#1203 = CARTESIAN_POINT ( 'NONE',  ( -0.000000000000000000, 6.200000000000000178, -5.000000000000000000 ) ) ;
#1204 = CARTESIAN_POINT ( 'NONE',  ( -23.69999999999999929, 2.902412913979227034E-15, -10.50000000000000000 ) ) ;
#1205 = PLANE ( 'NONE',  #4 ) ;
#1206 = VERTEX_POINT ( 'NONE', #2161 ) ;
#1207 = LINE ( 'NONE', #2075, #2099 ) ;
#1208 = EDGE_CURVE ( 'NONE', #2108, #2451, #785, .T. ) ;
#1209 = VECTOR ( 'NONE', #589, 1000.000000000000000 ) ;
#1210 = VERTEX_POINT ( 'NONE', #1996 ) ;
#1211 = CARTESIAN_POINT ( 'NONE',  ( 13.61180553784100589, 13.61180553784106451, 0.000000000000000000 ) ) ;
#1212 = AXIS2_PLACEMENT_3D ( 'NONE', #2687, #1576, #2019 ) ;
#1213 = ADVANCED_FACE ( 'NONE', ( #834 ), #905, .F. ) ;
#1214 = ORIENTED_EDGE ( 'NONE', *, *, #2401, .T. ) ;
#1215 = DIRECTION ( 'NONE',  ( 1.000000000000000000, 0.000000000000000000, 0.000000000000000000 ) ) ;
#1216 = EDGE_LOOP ( 'NONE', ( #1690, #2298, #768, #130 ) ) ;
#1217 = ORIENTED_EDGE ( 'NONE', *, *, #1359, .T. ) ;
#1218 = VECTOR ( 'NONE', #20, 1000.000000000000000 ) ;
#1219 = EDGE_CURVE ( 'NONE', #2837, #2404, #2670, .T. ) ;
#1220 = DIRECTION ( 'NONE',  ( 1.000000000000000000, 0.000000000000000000, 0.000000000000000000 ) ) ;
#1221 = FACE_BOUND ( 'NONE', #1886, .T. ) ;
#1222 = CARTESIAN_POINT ( 'NONE',  ( 0.000000000000000000, 0.000000000000000000, 0.000000000000000000 ) ) ;
#1223 = ORIENTED_EDGE ( 'NONE', *, *, #1756, .T. ) ;
#1224 = FACE_BOUND ( 'NONE', #1435, .T. ) ;
#1225 = ORIENTED_EDGE ( 'NONE', *, *, #1833, .F. ) ;
#1226 = FACE_OUTER_BOUND ( 'NONE', #2748, .T. ) ;
#1227 = EDGE_CURVE ( 'NONE', #2793, #913, #2603, .T. ) ;
#1228 = ORIENTED_EDGE ( 'NONE', *, *, #2107, .T. ) ;
#1229 = CARTESIAN_POINT ( 'NONE',  ( -13.61180553784106806, 13.61180553784100944, -4.000000000000000000 ) ) ;
#1230 = ORIENTED_EDGE ( 'NONE', *, *, #2702, .T. ) ;
#1231 = ORIENTED_EDGE ( 'NONE', *, *, #2866, .T. ) ;
#1232 = EDGE_CURVE ( 'NONE', #1734, #2309, #2841, .T. ) ;
#1233 = CARTESIAN_POINT ( 'NONE',  ( -15.91180553784121798, -13.61180553784106451, -2.000000000000000000 ) ) ;
#1234 = AXIS2_PLACEMENT_3D ( 'NONE', #599, #629, #1543 ) ;
#1235 = CARTESIAN_POINT ( 'NONE',  ( -3.860904640204206463E-14, -14.99675905516695806, -4.000000000000000000 ) ) ;
#1236 = LINE ( 'NONE', #788, #1057 ) ;
#1237 = VECTOR ( 'NONE', #2863, 1000.000000000000000 ) ;
#1238 = ORIENTED_EDGE ( 'NONE', *, *, #1524, .T. ) ;
#1239 = CARTESIAN_POINT ( 'NONE',  ( 0.000000000000000000, 0.000000000000000000, -2.000000000000000000 ) ) ;
#1240 = FACE_OUTER_BOUND ( 'NONE', #46, .T. ) ;
#1241 = ORIENTED_EDGE ( 'NONE', *, *, #1160, .F. ) ;
#1242 = CARTESIAN_POINT ( 'NONE',  ( 17.38794076175697967, -17.26005550586760506, -4.000000000000000000 ) ) ;
#1243 = EDGE_LOOP ( 'NONE', ( #2081, #1470, #379, #1865, #446, #147, #644, #1652 ) ) ;
#1244 = ORIENTED_EDGE ( 'NONE', *, *, #1558, .T. ) ;
#1245 = AXIS2_PLACEMENT_3D ( 'NONE', #1387, #1842, #1551 ) ;
#1246 = AXIS2_PLACEMENT_3D ( 'NONE', #695, #1624, #963 ) ;
#1247 = FACE_OUTER_BOUND ( 'NONE', #1063, .T. ) ;
#1248 = DIRECTION ( 'NONE',  ( 0.000000000000000000, -0.000000000000000000, -1.000000000000000000 ) ) ;
#1249 = EDGE_CURVE ( 'NONE', #1052, #2092, #2653, .T. ) ;
#1250 = DIRECTION ( 'NONE',  ( -0.000000000000000000, 0.000000000000000000, 1.000000000000000000 ) ) ;
#1251 = EDGE_LOOP ( 'NONE', ( #2157, #1050 ) ) ;
#1252 = ORIENTED_EDGE ( 'NONE', *, *, #1359, .F. ) ;
#1253 = CYLINDRICAL_SURFACE ( 'NONE', #1825, 1.250000000000032419 ) ;
#1254 = DIRECTION ( 'NONE',  ( -0.000000000000000000, 0.000000000000000000, 1.000000000000000000 ) ) ;
#1255 = CARTESIAN_POINT ( 'NONE',  ( 4.374452428089294465, -17.26005550586760506, -4.000000000000000000 ) ) ;
#1256 = AXIS2_PLACEMENT_3D ( 'NONE', #1534, #2429, #2210 ) ;
#1257 = EDGE_LOOP ( 'NONE', ( #1957, #722 ) ) ;
#1258 = DIRECTION ( 'NONE',  ( 1.000000000000000000, 0.000000000000000000, 0.000000000000000000 ) ) ;
#1259 = ORIENTED_EDGE ( 'NONE', *, *, #1680, .F. ) ;
#1260 = TOROIDAL_SURFACE ( 'NONE', #1686, 2.800000000000087308, 0.5000000000000000000 ) ;
#1261 = EDGE_LOOP ( 'NONE', ( #2130, #2563, #2570, #828 ) ) ;
#1262 = APPROVAL_PERSON_ORGANIZATION ( #2870, #216, #2430 ) ;
#1263 = AXIS2_PLACEMENT_3D ( 'NONE', #1581, #44, #911 ) ;
#1264 = DIRECTION ( 'NONE',  ( 1.000000000000000000, 0.000000000000000000, 0.000000000000000000 ) ) ;
#1265 = CARTESIAN_POINT ( 'NONE',  ( -17.38794076175697967, -17.26005550586760506, -1.499999999999999556 ) ) ;
#1266 = AXIS2_PLACEMENT_3D ( 'NONE', #1079, #1922, #2418 ) ;
#1267 = CARTESIAN_POINT ( 'NONE',  ( 0.000000000000000000, 0.000000000000000000, 0.000000000000000000 ) ) ;
#1268 = AXIS2_PLACEMENT_3D ( 'NONE', #2015, #725, #509 ) ;
#1269 = EDGE_CURVE ( 'NONE', #2398, #338, #670, .T. ) ;
#1270 = ORIENTED_EDGE ( 'NONE', *, *, #127, .F. ) ;
#1271 = ORIENTED_EDGE ( 'NONE', *, *, #2667, .T. ) ;
#1272 = DIRECTION ( 'NONE',  ( 1.000000000000000000, 0.000000000000000000, 0.000000000000000000 ) ) ;
#1273 = EDGE_CURVE ( 'NONE', #78, #1202, #1928, .T. ) ;
#1274 = APPROVAL_STATUS ( 'not_yet_approved' ) ;
#1275 = CARTESIAN_POINT ( 'NONE',  ( 0.000000000000000000, 3.856064408783717479, -1.499999999999987566 ) ) ;
#1276 = VERTEX_POINT ( 'NONE', #2589 ) ;
#1277 = DIRECTION ( 'NONE',  ( 1.000000000000000000, 0.000000000000000000, 0.000000000000000000 ) ) ;
#1278 = ORIENTED_EDGE ( 'NONE', *, *, #2253, .F. ) ;
#1279 = ORIENTED_EDGE ( 'NONE', *, *, #2773, .T. ) ;
#1280 = CARTESIAN_POINT ( 'NONE',  ( -13.61180553784106806, 13.61180553784100944, -2.000000000000000000 ) ) ;
#1281 = PLANE ( 'NONE',  #1382 ) ;
#1282 = VERTEX_POINT ( 'NONE', #2682 ) ;
#1283 = ORIENTED_EDGE ( 'NONE', *, *, #1683, .F. ) ;
#1284 = DIRECTION ( 'NONE',  ( 0.000000000000000000, 1.000000000000000000, 0.000000000000000000 ) ) ;
#1285 = AXIS2_PLACEMENT_3D ( 'NONE', #1866, #1754, #200 ) ;
#1286 = APPROVAL_DATE_TIME ( #1535, #216 ) ;
#1287 = EDGE_CURVE ( 'NONE', #1907, #1202, #1058, .T. ) ;
#1288 = EDGE_CURVE ( 'NONE', #2533, #1445, #1481, .T. ) ;
#1289 = ORIENTED_EDGE ( 'NONE', *, *, #74, .F. ) ;
#1290 = CARTESIAN_POINT ( 'NONE',  ( 12.36180553784100766, 13.61180553784106628, -4.000000000000000000 ) ) ;
#1291 = ORIENTED_EDGE ( 'NONE', *, *, #1776, .F. ) ;
#1292 = ORIENTED_EDGE ( 'NONE', *, *, #1086, .T. ) ;
#1293 = DIRECTION ( 'NONE',  ( 1.000000000000000000, 0.000000000000000000, 0.000000000000000000 ) ) ;
#1294 = CARTESIAN_POINT ( 'NONE',  ( -15.84536521140326393, -16.25467321471739268, -5.200000000000001066 ) ) ;
#1295 = VERTEX_POINT ( 'NONE', #1695 ) ;
#1296 = VECTOR ( 'NONE', #1413, 1000.000000000000000 ) ;
#1297 = CIRCLE ( 'NONE', #2698, 0.5000000000000004441 ) ;
#1298 = ORIENTED_EDGE ( 'NONE', *, *, #756, .F. ) ;
#1299 = CARTESIAN_POINT ( 'NONE',  ( 13.61180553784107161, -13.61180553784101299, -4.000000000000000000 ) ) ;
#1300 = AXIS2_PLACEMENT_3D ( 'NONE', #287, #1630, #760 ) ;
#1301 = ADVANCED_FACE ( 'NONE', ( #453 ), #173, .F. ) ;
#1302 = ORIENTED_EDGE ( 'NONE', *, *, #2180, .T. ) ;
#1303 = CARTESIAN_POINT ( 'NONE',  ( -22.69999999999999929, 2.779948234064491097E-15, -10.50000000000000000 ) ) ;
#1304 = VERTEX_POINT ( 'NONE', #820 ) ;
#1305 = EDGE_LOOP ( 'NONE', ( #61, #2425, #632, #318 ) ) ;
#1306 = EDGE_CURVE ( 'NONE', #402, #1462, #2232, .T. ) ;
#1307 = FACE_OUTER_BOUND ( 'NONE', #296, .T. ) ;
#1308 = LINE ( 'NONE', #171, #775 ) ;
#1309 = CARTESIAN_POINT ( 'NONE',  ( 13.61180553784107161, -13.61180553784101299, -2.000000000000000000 ) ) ;
#1310 = AXIS2_PLACEMENT_3D ( 'NONE', #966, #1614, #2053 ) ;
#1311 = CIRCLE ( 'NONE', #519, 1.250000000000032419 ) ;
#1312 = ORIENTED_EDGE ( 'NONE', *, *, #1461, .F. ) ;
#1313 = EDGE_LOOP ( 'NONE', ( #1420, #852, #755, #1621, #2200, #2380, #645 ) ) ;
#1314 = DIRECTION ( 'NONE',  ( 0.000000000000000000, 0.000000000000000000, 1.000000000000000000 ) ) ;
#1315 = DIRECTION ( 'NONE',  ( -0.000000000000000000, 0.000000000000000000, 1.000000000000000000 ) ) ;
#1316 = AXIS2_PLACEMENT_3D ( 'NONE', #2859, #2137, #2598 ) ;
#1317 = DIRECTION ( 'NONE',  ( -0.000000000000000000, 0.000000000000000000, 1.000000000000000000 ) ) ;
#1318 = COORDINATED_UNIVERSAL_TIME_OFFSET ( 8, 0, .AHEAD. ) ;
#1319 = ORIENTED_EDGE ( 'NONE', *, *, #1287, .T. ) ;
#1320 = DIRECTION ( 'NONE',  ( 0.000000000000000000, -1.000000000000000000, 0.000000000000000000 ) ) ;
#1321 = ORIENTED_EDGE ( 'NONE', *, *, #2385, .F. ) ;
#1322 = FACE_OUTER_BOUND ( 'NONE', #1893, .T. ) ;
#1323 = DIRECTION ( 'NONE',  ( -0.000000000000000000, 0.000000000000000000, 1.000000000000000000 ) ) ;
#1324 = CARTESIAN_POINT ( 'NONE',  ( -17.19312813533616691, 0.000000000000000000, -4.000000000000000000 ) ) ;
#1325 = CARTESIAN_POINT ( 'NONE',  ( -14.86180553784116931, 13.61180553784100944, -4.000000000000000000 ) ) ;
#1326 = EDGE_CURVE ( 'NONE', #743, #1304, #965, .T. ) ;
#1327 = EDGE_CURVE ( 'NONE', #234, #1688, #1622, .T. ) ;
#1328 = ORIENTED_EDGE ( 'NONE', *, *, #930, .T. ) ;
#1329 = ORIENTED_EDGE ( 'NONE', *, *, #127, .T. ) ;
#1330 = CARTESIAN_POINT ( 'NONE',  ( 0.000000000000000000, 0.000000000000000000, -11.50000000000000000 ) ) ;
#1331 = CARTESIAN_POINT ( 'NONE',  ( 0.000000000000000000, 0.000000000000000000, -11.50000000000000000 ) ) ;
#1332 = FACE_OUTER_BOUND ( 'NONE', #1243, .T. ) ;
#1333 = DATE_TIME_ROLE ( 'classification_date' ) ;
#1334 = VECTOR ( 'NONE', #2551, 1000.000000000000000 ) ;
#1335 = LINE ( 'NONE', #467, #1403 ) ;
#1336 = CIRCLE ( 'NONE', #1850, 0.5000000000000004441 ) ;
#1337 = ORIENTED_EDGE ( 'NONE', *, *, #1484, .T. ) ;
#1338 = CARTESIAN_POINT ( 'NONE',  ( 0.000000000000000000, 0.000000000000000000, -5.000000000000000000 ) ) ;
#1339 = DIRECTION ( 'NONE',  ( 0.000000000000000000, -0.000000000000000000, -1.000000000000000000 ) ) ;
#1340 = EDGE_LOOP ( 'NONE', ( #279, #1764, #948, #2796 ) ) ;
#1341 = CARTESIAN_POINT ( 'NONE',  ( -16.81526030804083405, -17.26005550586760862, -0.4589876027947666914 ) ) ;
#1342 = ADVANCED_FACE ( 'NONE', ( #2437, #1322, #1794, #1571 ), #256, .F. ) ;
#1343 = DIRECTION ( 'NONE',  ( 1.000000000000000000, 0.000000000000000000, 0.000000000000000000 ) ) ;
#1344 = DIRECTION ( 'NONE',  ( 0.000000000000000000, -1.000000000000000000, 0.000000000000000000 ) ) ;
#1345 = AXIS2_PLACEMENT_3D ( 'NONE', #1106, #1590, #1578 ) ;
#1346 = CIRCLE ( 'NONE', #1580, 1.250000000000004663 ) ;
#1347 = PLANE ( 'NONE',  #294 ) ;
#1348 = EDGE_CURVE ( 'NONE', #1006, #2582, #1109, .T. ) ;
#1349 = DIRECTION ( 'NONE',  ( -0.5773502691896275074, 0.5773502691896275074, 0.5773502691896221783 ) ) ;
#1350 = ORIENTED_EDGE ( 'NONE', *, *, #1966, .F. ) ;
#1351 = CARTESIAN_POINT ( 'NONE',  ( 0.000000000000000000, -14.99675905516700070, -4.000000000000000000 ) ) ;
#1352 = LINE ( 'NONE', #258, #706 ) ;
#1353 = DIRECTION ( 'NONE',  ( 1.000000000000000000, 0.000000000000000000, 0.000000000000000000 ) ) ;
#1354 = CARTESIAN_POINT ( 'NONE',  ( 17.04075168064092693, -14.99675905516700070, -2.600000000000000089 ) ) ;
#1355 = VECTOR ( 'NONE', #2086, 1000.000000000000000 ) ;
#1356 = DIRECTION ( 'NONE',  ( -0.000000000000000000, 0.000000000000000000, 1.000000000000000000 ) ) ;
#1357 = DIRECTION ( 'NONE',  ( -0.000000000000000000, 0.000000000000000000, 1.000000000000000000 ) ) ;
#1358 = VECTOR ( 'NONE', #1604, 1000.000000000000000 ) ;
#1359 = EDGE_CURVE ( 'NONE', #1696, #185, #1668, .T. ) ;
#1360 = CARTESIAN_POINT ( 'NONE',  ( 13.61180553784100589, 13.61180553784106451, -0.5000000000000000000 ) ) ;
#1361 = DATE_AND_TIME ( #1730, #388 ) ;
#1362 = CIRCLE ( 'NONE', #66, 2.499999999999960476 ) ;
#1363 = EDGE_CURVE ( 'NONE', #2633, #2706, #1369, .T. ) ;
#1364 = VECTOR ( 'NONE', #2391, 1000.000000000000000 ) ;
#1365 = EDGE_CURVE ( 'NONE', #1696, #619, #2027, .T. ) ;
#1366 = VECTOR ( 'NONE', #890, 1000.000000000000000 ) ;
#1367 = CARTESIAN_POINT ( 'NONE',  ( -13.61180553784101299, -13.61180553784106451, 0.000000000000000000 ) ) ;
#1368 = ORIENTED_EDGE ( 'NONE', *, *, #2322, .T. ) ;
#1369 = LINE ( 'NONE', #1391, #2608 ) ;
#1370 = DIRECTION ( 'NONE',  ( 1.000000000000000000, 0.000000000000000000, 0.000000000000000000 ) ) ;
#1371 = LINE ( 'NONE', #2482, #118 ) ;
#1372 = CARTESIAN_POINT ( 'NONE',  ( -17.22615648849332715, -17.26005550586760151, -0.9142123731712953338 ) ) ;
#1373 = CARTESIAN_POINT ( 'NONE',  ( 15.84536521140326393, -16.25467321471739268, -5.200000000000001066 ) ) ;
#1374 = CARTESIAN_POINT ( 'NONE',  ( 13.61180553784100589, 13.61180553784106451, -0.5000000000000000000 ) ) ;
#1375 = CARTESIAN_POINT ( 'NONE',  ( -13.61180553784027580, -13.61180553784104319, -4.000000000000000000 ) ) ;
#1376 = VECTOR ( 'NONE', #1468, 1000.000000000000000 ) ;
#1377 = EDGE_CURVE ( 'NONE', #1072, #806, #291, .T. ) ;
#1378 = CARTESIAN_POINT ( 'NONE',  ( -9.530482940345283538, 3.356064408783718367, -2.600000000000000089 ) ) ;
#1379 = EDGE_CURVE ( 'NONE', #1599, #2184, #1346, .T. ) ;
#1380 = EDGE_LOOP ( 'NONE', ( #2850, #2163, #1728, #2766 ) ) ;
#1381 = DIRECTION ( 'NONE',  ( 1.000000000000000000, 0.000000000000000000, 0.000000000000000000 ) ) ;
#1382 = AXIS2_PLACEMENT_3D ( 'NONE', #1501, #614, #355 ) ;
#1383 = CARTESIAN_POINT ( 'NONE',  ( 14.86180553784110359, -13.61180553784101299, -2.000000000000000000 ) ) ;
#1384 = EDGE_LOOP ( 'NONE', ( #2054, #2604, #1143, #197, #2062, #2560 ) ) ;
#1385 = LINE ( 'NONE', #286, #207 ) ;
#1386 = DIRECTION ( 'NONE',  ( -0.000000000000000000, 0.000000000000000000, 1.000000000000000000 ) ) ;
#1387 = CARTESIAN_POINT ( 'NONE',  ( -11.53048294034528531, 0.000000000000000000, -2.600000000000000089 ) ) ;
#1388 = EDGE_LOOP ( 'NONE', ( #835, #437, #1230, #189 ) ) ;
#1389 = CARTESIAN_POINT ( 'NONE',  ( 17.38794076175697967, -17.26005550586760506, -4.000000000000000000 ) ) ;
#1390 = ORIENTED_EDGE ( 'NONE', *, *, #1377, .T. ) ;
#1391 = CARTESIAN_POINT ( 'NONE',  ( -17.04075168064092693, -14.99675905516700070, -4.000000000000000000 ) ) ;
#1392 = ADVANCED_FACE ( 'NONE', ( #1600 ), #1170, .F. ) ;
#1393 = DIRECTION ( 'NONE',  ( 0.000000000000000000, 0.000000000000000000, 1.000000000000000000 ) ) ;
#1394 = CARTESIAN_POINT ( 'NONE',  ( 16.11180553784106095, 13.61180553784106451, -4.000000000000000000 ) ) ;
#1395 = ORIENTED_EDGE ( 'NONE', *, *, #2864, .T. ) ;
#1396 = EDGE_CURVE ( 'NONE', #2582, #2793, #2088, .T. ) ;
#1397 = CARTESIAN_POINT ( 'NONE',  ( -11.53048294034528531, 7.700000000000001066, 0.000000000000000000 ) ) ;
#1398 = DIRECTION ( 'NONE',  ( 1.000000000000000000, 0.000000000000000000, 0.000000000000000000 ) ) ;
#1399 = EDGE_CURVE ( 'NONE', #2533, #1924, #2078, .T. ) ;
#1400 = DIRECTION ( 'NONE',  ( -0.000000000000000000, 0.000000000000000000, 1.000000000000000000 ) ) ;
#1401 = EDGE_LOOP ( 'NONE', ( #1395, #82, #2872, #2851 ) ) ;
#1402 = CIRCLE ( 'NONE', #567, 2.300000000000202771 ) ;
#1403 = VECTOR ( 'NONE', #2226, 1000.000000000000000 ) ;
#1404 = ORIENTED_EDGE ( 'NONE', *, *, #2696, .F. ) ;
#1405 = DIRECTION ( 'NONE',  ( -0.000000000000000000, 0.000000000000000000, 1.000000000000000000 ) ) ;
#1406 = AXIS2_PLACEMENT_3D ( 'NONE', #1135, #2029, #1616 ) ;
#1407 = DIRECTION ( 'NONE',  ( -0.000000000000000000, 0.000000000000000000, 1.000000000000000000 ) ) ;
#1408 = CARTESIAN_POINT ( 'NONE',  ( 15.91180553784217544, -13.61180553784025449, -0.5000000000000000000 ) ) ;
#1409 = ORIENTED_EDGE ( 'NONE', *, *, #771, .T. ) ;
#1410 = ADVANCED_FACE ( 'NONE', ( #2707 ), #47, .T. ) ;
#1411 = DIRECTION ( 'NONE',  ( 0.000000000000000000, -0.000000000000000000, -1.000000000000000000 ) ) ;
#1412 = CARTESIAN_POINT ( 'NONE',  ( -11.53048294034528531, 3.856064408783717479, -1.499999999999987566 ) ) ;
#1413 = DIRECTION ( 'NONE',  ( -0.000000000000000000, -0.000000000000000000, 1.000000000000000000 ) ) ;
#1414 = ORIENTED_EDGE ( 'NONE', *, *, #2431, .T. ) ;
#1415 = DIRECTION ( 'NONE',  ( 0.000000000000000000, 0.000000000000000000, 1.000000000000000000 ) ) ;
#1416 = EDGE_LOOP ( 'NONE', ( #1154, #2353, #637, #1078 ) ) ;
#1417 = CARTESIAN_POINT ( 'NONE',  ( -15.69312813533679041, -14.99675905516700070, -4.000000000000000000 ) ) ;
#1418 = ORIENTED_EDGE ( 'NONE', *, *, #2073, .F. ) ;
#1419 = LINE ( 'NONE', #738, #2063 ) ;
#1420 = ORIENTED_EDGE ( 'NONE', *, *, #2559, .F. ) ;
#1421 = CIRCLE ( 'NONE', #2308, 2.300000000000730349 ) ;
#1422 = CARTESIAN_POINT ( 'NONE',  ( 11.11180553784094904, 13.61180553784106451, -4.000000000000000000 ) ) ;
#1423 = PLANE ( 'NONE',  #2069 ) ;
#1424 = LINE ( 'NONE', #986, #2697 ) ;
#1425 = EDGE_CURVE ( 'NONE', #1525, #2533, #2654, .T. ) ;
#1426 = VERTEX_POINT ( 'NONE', #747 ) ;
#1427 = FACE_OUTER_BOUND ( 'NONE', #1628, .T. ) ;
#1428 = B_SPLINE_CURVE_WITH_KNOTS ( 'NONE', 3,
 ( #919, #486, #2715, #2700, #1811, #1341, #698, #1372, #714, #2234, #1588, #1823 ),
 .UNSPECIFIED., .F., .F.,
 ( 4, 2, 2, 2, 2, 4 ),
 ( 0.000000000000000000, 0.0007242948587301839677, 0.001448589717460367935, 0.002172884576190551795, 0.002535032005555646652, 0.002897179434920741509 ),
 .UNSPECIFIED. ) ;
#1429 = VERTEX_POINT ( 'NONE', #516 ) ;
#1430 = FACE_OUTER_BOUND ( 'NONE', #1305, .T. ) ;
#1431 = AXIS2_PLACEMENT_3D ( 'NONE', #2677, #1357, #2251 ) ;
#1432 = VECTOR ( 'NONE', #469, 1000.000000000000000 ) ;
#1433 = ORIENTED_EDGE ( 'NONE', *, *, #1830, .T. ) ;
#1434 = DIRECTION ( 'NONE',  ( 1.000000000000000000, 0.000000000000000000, 0.000000000000000000 ) ) ;
#1435 = EDGE_LOOP ( 'NONE', ( #2208, #1899 ) ) ;
#1436 = ORIENTED_EDGE ( 'NONE', *, *, #2667, .F. ) ;
#1437 = CARTESIAN_POINT ( 'NONE',  ( 16.11180553784103253, -13.61180553784101299, -2.600000000000000089 ) ) ;
#1438 = DIRECTION ( 'NONE',  ( -0.000000000000000000, 0.000000000000000000, 1.000000000000000000 ) ) ;
#1439 = DIRECTION ( 'NONE',  ( 1.000000000000000000, 0.000000000000000000, 0.000000000000000000 ) ) ;
#1440 = ORIENTED_EDGE ( 'NONE', *, *, #285, .F. ) ;
#1441 = LINE ( 'NONE', #808, #1633 ) ;
#1442 = EDGE_CURVE ( 'NONE', #2537, #1650, #924, .T. ) ;
#1443 = CIRCLE ( 'NONE', #2853, 1.250000000000297762 ) ;
#1444 = ADVANCED_FACE ( 'NONE', ( #709 ), #1638, .T. ) ;
#1445 = VERTEX_POINT ( 'NONE', #2310 ) ;
#1446 = DIRECTION ( 'NONE',  ( -0.000000000000000000, 0.000000000000000000, 1.000000000000000000 ) ) ;
#1447 = VECTOR ( 'NONE', #2296, 1000.000000000000000 ) ;
#1448 = VECTOR ( 'NONE', #2485, 1000.000000000000000 ) ;
#1449 = ORIENTED_EDGE ( 'NONE', *, *, #1845, .F. ) ;
#1450 = CARTESIAN_POINT ( 'NONE',  ( 11.31180553784091813, 13.61180553784106451, -2.000000000000000000 ) ) ;
#1451 = ORIENTED_EDGE ( 'NONE', *, *, #1066, .T. ) ;
#1452 = ORIENTED_EDGE ( 'NONE', *, *, #2596, .F. ) ;
#1453 = CARTESIAN_POINT ( 'NONE',  ( 3.384320084140410341E-15, -14.99675905516699892, -4.000000000000000000 ) ) ;
#1454 = CARTESIAN_POINT ( 'NONE',  ( -17.19312813533616691, 7.699999999999998401, -4.000000000000000000 ) ) ;
#1455 = FACE_BOUND ( 'NONE', #138, .T. ) ;
#1456 = ORIENTED_EDGE ( 'NONE', *, *, #1110, .T. ) ;
#1457 = DIRECTION ( 'NONE',  ( 1.000000000000000000, 0.000000000000000000, 0.000000000000000000 ) ) ;
#1458 = FACE_OUTER_BOUND ( 'NONE', #1200, .T. ) ;
#1459 = ORIENTED_EDGE ( 'NONE', *, *, #2346, .T. ) ;
#1460 = CARTESIAN_POINT ( 'NONE',  ( -24.50000000000000711, 3.000384657911016257E-15, -1.499999999999999556 ) ) ;
#1461 = EDGE_CURVE ( 'NONE', #2836, #1276, #1297, .T. ) ;
#1462 = VERTEX_POINT ( 'NONE', #2295 ) ;
#1463 = CARTESIAN_POINT ( 'NONE',  ( -15.91180553784121798, -13.61180553784106451, -0.5000000000000000000 ) ) ;
#1464 = ORIENTED_EDGE ( 'NONE', *, *, #508, .F. ) ;
#1465 = ORIENTED_EDGE ( 'NONE', *, *, #1610, .T. ) ;
#1466 = DIRECTION ( 'NONE',  ( -0.000000000000000000, 0.000000000000000000, 1.000000000000000000 ) ) ;
#1467 = AXIS2_PLACEMENT_3D ( 'NONE', #1651, #990, #146 ) ;
#1468 = DIRECTION ( 'NONE',  ( 1.000000000000000000, 2.256700978985438287E-16, 0.000000000000000000 ) ) ;
#1469 = CARTESIAN_POINT ( 'NONE',  ( 0.000000000000000000, 0.000000000000000000, -11.50000000000000000 ) ) ;
#1470 = ORIENTED_EDGE ( 'NONE', *, *, #126, .F. ) ;
#1471 = ORIENTED_EDGE ( 'NONE', *, *, #508, .T. ) ;
#1472 = CARTESIAN_POINT ( 'NONE',  ( 16.41180553784109364, 13.61180553784106451, 0.000000000000000000 ) ) ;
#1473 = DIRECTION ( 'NONE',  ( -0.000000000000000000, 0.000000000000000000, 1.000000000000000000 ) ) ;
#1474 = CARTESIAN_POINT ( 'NONE',  ( -16.19312813533647955, 6.699999999999998401, -4.000000000000000000 ) ) ;
#1475 = ORIENTED_EDGE ( 'NONE', *, *, #623, .T. ) ;
#1476 = CARTESIAN_POINT ( 'NONE',  ( 0.000000000000000000, -9.814665547863189232, 0.000000000000000000 ) ) ;
#1477 = ORIENTED_EDGE ( 'NONE', *, *, #537, .F. ) ;
#1478 = ORIENTED_EDGE ( 'NONE', *, *, #1, .T. ) ;
#1479 = EDGE_CURVE ( 'NONE', #822, #851, #940, .T. ) ;
#1480 = AXIS2_PLACEMENT_3D ( 'NONE', #288, #2045, #56 ) ;
#1481 = CIRCLE ( 'NONE', #1815, 23.00000000000000711 ) ;
#1482 = DIRECTION ( 'NONE',  ( 0.000000000000000000, -0.000000000000000000, -1.000000000000000000 ) ) ;
#1483 = CARTESIAN_POINT ( 'NONE',  ( -15.20166056502939078, -17.26005550586760506, 0.000000000000000000 ) ) ;
#1484 = EDGE_CURVE ( 'NONE', #1671, #2520, #92, .T. ) ;
#1485 = DIRECTION ( 'NONE',  ( -0.000000000000000000, 0.000000000000000000, 1.000000000000000000 ) ) ;
#1486 = ORIENTED_EDGE ( 'NONE', *, *, #2733, .T. ) ;
#1487 = EDGE_LOOP ( 'NONE', ( #11, #2828, #2406, #7 ) ) ;
#1488 = EDGE_CURVE ( 'NONE', #844, #2637, #826, .T. ) ;
#1489 = DIRECTION ( 'NONE',  ( 0.000000000000000000, 0.000000000000000000, 1.000000000000000000 ) ) ;
#1490 = SECURITY_CLASSIFICATION_LEVEL ( 'unclassified' ) ;
#1491 = DIRECTION ( 'NONE',  ( 1.000000000000000000, 0.000000000000000000, 0.000000000000000000 ) ) ;
#1492 = AXIS2_PLACEMENT_3D ( 'NONE', #823, #2647, #1284 ) ;
#1493 = ORIENTED_EDGE ( 'NONE', *, *, #404, .F. ) ;
#1494 = LINE ( 'NONE', #2196, #1364 ) ;
#1495 = ORIENTED_EDGE ( 'NONE', *, *, #2579, .T. ) ;
#1496 = CIRCLE ( 'NONE', #2285, 0.5000000000000000000 ) ;
#1497 = ORIENTED_EDGE ( 'NONE', *, *, #1762, .T. ) ;
#1498 = PRODUCT_DEFINITION_FORMATION_WITH_SPECIFIED_SOURCE ( 'ä»', '', #1117, .NOT_KNOWN. ) ;
#1499 = CIRCLE ( 'NONE', #254, 2.500000000000054179 ) ;
#1500 = CARTESIAN_POINT ( 'NONE',  ( 13.61180553784100589, 13.61180553784106451, 0.000000000000000000 ) ) ;
#1501 = CARTESIAN_POINT ( 'NONE',  ( 0.000000000000000000, 0.000000000000000000, -2.000000000000000000 ) ) ;
#1502 = TOROIDAL_SURFACE ( 'NONE', #1266, 2.800000000000731237, 0.5000000000000000000 ) ;
#1503 = VECTOR ( 'NONE', #1264, 1000.000000000000000 ) ;
#1504 = ORIENTED_EDGE ( 'NONE', *, *, #699, .T. ) ;
#1505 = EDGE_LOOP ( 'NONE', ( #2327, #2212, #1852, #989, #783 ) ) ;
#1506 = DIRECTION ( 'NONE',  ( 1.000000000000000000, 0.000000000000000000, 0.000000000000000000 ) ) ;
#1507 = PERSON_AND_ORGANIZATION_ROLE ( 'design_owner' ) ;
#1508 = ORIENTED_EDGE ( 'NONE', *, *, #2455, .T. ) ;
#1509 = LINE ( 'NONE', #1937, #2714 ) ;
#1510 = ORIENTED_EDGE ( 'NONE', *, *, #161, .F. ) ;
#1511 = VERTEX_POINT ( 'NONE', #812 ) ;
#1512 = LINE ( 'NONE', #1724, #28 ) ;
#1513 = DIRECTION ( 'NONE',  ( 0.000000000000000000, 0.000000000000000000, 1.000000000000000000 ) ) ;
#1514 = VERTEX_POINT ( 'NONE', #360 ) ;
#1515 = VERTEX_POINT ( 'NONE', #2354 ) ;
#1516 = DIRECTION ( 'NONE',  ( -0.000000000000000000, -0.000000000000000000, 1.000000000000000000 ) ) ;
#1517 = AXIS2_PLACEMENT_3D ( 'NONE', #2172, #1738, #1968 ) ;
#1518 = ADVANCED_FACE ( 'NONE', ( #2340 ), #1152, .T. ) ;
#1519 = CARTESIAN_POINT ( 'NONE',  ( 0.000000000000000000, 0.000000000000000000, 0.000000000000000000 ) ) ;
#1520 = EDGE_CURVE ( 'NONE', #858, #2746, #2561, .T. ) ;
#1521 = ORIENTED_EDGE ( 'NONE', *, *, #557, .F. ) ;
#1522 = FACE_OUTER_BOUND ( 'NONE', #1416, .T. ) ;
#1523 = EDGE_LOOP ( 'NONE', ( #2548, #2516, #1440, #675 ) ) ;
#1524 = EDGE_CURVE ( 'NONE', #1210, #958, #1531, .T. ) ;
#1525 = VERTEX_POINT ( 'NONE', #104 ) ;
#1526 = ADVANCED_BREP_SHAPE_REPRESENTATION ( 'HT4315\X2\540e76d6\X0\', ( #1077, #2856 ), #2527 ) ;
#1527 = CARTESIAN_POINT ( 'NONE',  ( -15.69312813533679041, 0.000000000000000000, -2.600000000000000089 ) ) ;
#1528 = LINE ( 'NONE', #1324, #1129 ) ;
#1529 = CARTESIAN_POINT ( 'NONE',  ( -15.81058427348877160, -16.28869433301203884, -5.459686900922473995 ) ) ;
#1530 = VERTEX_POINT ( 'NONE', #1003 ) ;
#1531 = CIRCLE ( 'NONE', #5, 1.250000000000004663 ) ;
#1532 = ORIENTED_EDGE ( 'NONE', *, *, #1914, .F. ) ;
#1533 = CARTESIAN_POINT ( 'NONE',  ( 15.07966213061681593, -16.96794216373824327, -6.000000000000000000 ) ) ;
#1534 = CARTESIAN_POINT ( 'NONE',  ( 0.000000000000000000, 0.000000000000000000, -2.000000000000000000 ) ) ;
#1535 = DATE_AND_TIME ( #868, #752 ) ;
#1536 = ADVANCED_FACE ( 'NONE', ( #766 ), #2372, .F. ) ;
#1537 = ORIENTED_EDGE ( 'NONE', *, *, #667, .F. ) ;
#1538 = DIRECTION ( 'NONE',  ( -0.000000000000000000, 0.000000000000000000, 1.000000000000000000 ) ) ;
#1539 = EDGE_CURVE ( 'NONE', #778, #2591, #2134, .T. ) ;
#1540 = VERTEX_POINT ( 'NONE', #1255 ) ;
#1541 = DIRECTION ( 'NONE',  ( -0.000000000000000000, 0.000000000000000000, 1.000000000000000000 ) ) ;
#1542 = DIRECTION ( 'NONE',  ( 0.000000000000000000, 0.000000000000000000, -1.000000000000000000 ) ) ;
#1543 = DIRECTION ( 'NONE',  ( 1.000000000000000000, 0.000000000000000000, 0.000000000000000000 ) ) ;
#1544 = CARTESIAN_POINT ( 'NONE',  ( -11.11180553784103608, 13.61180553784100944, -2.600000000000000089 ) ) ;
#1545 = AXIS2_PLACEMENT_3D ( 'NONE', #1681, #1820, #2576 ) ;
#1546 = AXIS2_PLACEMENT_3D ( 'NONE', #2031, #221, #430 ) ;
#1547 = ORIENTED_EDGE ( 'NONE', *, *, #1127, .T. ) ;
#1548 = CIRCLE ( 'NONE', #297, 22.69999999999999929 ) ;
#1549 = ORIENTED_EDGE ( 'NONE', *, *, #1306, .F. ) ;
#1550 = DIRECTION ( 'NONE',  ( -0.000000000000000000, 0.000000000000000000, 1.000000000000000000 ) ) ;
#1551 = DIRECTION ( 'NONE',  ( 0.000000000000000000, 0.000000000000000000, -1.000000000000000000 ) ) ;
#1552 = VECTOR ( 'NONE', #1940, 1000.000000000000000 ) ;
#1553 = FACE_BOUND ( 'NONE', #669, .T. ) ;
#1554 = CALENDAR_DATE ( 2025, 9, 7 ) ;
#1555 = LINE ( 'NONE', #1583, #209 ) ;
#1556 = VERTEX_POINT ( 'NONE', #346 ) ;
#1557 = DIRECTION ( 'NONE',  ( 0.000000000000000000, 0.000000000000000000, 1.000000000000000000 ) ) ;
#1558 = EDGE_CURVE ( 'NONE', #2451, #2108, #682, .T. ) ;
#1559 = LINE ( 'NONE', #2694, #384 ) ;
#1560 = CARTESIAN_POINT ( 'NONE',  ( -4.374452428089294465, -17.26005550586760506, 0.000000000000000000 ) ) ;
#1561 = ADVANCED_FACE ( 'NONE', ( #1226 ), #1666, .F. ) ;
#1562 = LINE ( 'NONE', #428, #753 ) ;
#1563 = CYLINDRICAL_SURFACE ( 'NONE', #896, 2.500000000000031530 ) ;
#1564 = CARTESIAN_POINT ( 'NONE',  ( -10.03048294034528531, 7.700000000000001066, 0.000000000000000000 ) ) ;
#1565 = CARTESIAN_POINT ( 'NONE',  ( 23.70253151036826011, -6.200000000000000178, -9.500000000000000000 ) ) ;
#1566 = DIRECTION ( 'NONE',  ( 1.000000000000000000, 0.000000000000000000, 0.000000000000000000 ) ) ;
#1567 = PRODUCT_DEFINITION_SHAPE ( 'NONE', 'NONE',  #2577 ) ;
#1568 = VECTOR ( 'NONE', #984, 1000.000000000000000 ) ;
#1569 = CARTESIAN_POINT ( 'NONE',  ( -14.86180553784112313, -13.61180553784087799, -2.000000000000000000 ) ) ;
#1570 = ORIENTED_EDGE ( 'NONE', *, *, #1761, .T. ) ;
#1571 = FACE_BOUND ( 'NONE', #105, .T. ) ;
#1572 = DIRECTION ( 'NONE',  ( 0.000000000000000000, 1.000000000000000000, -0.000000000000000000 ) ) ;
#1573 = CARTESIAN_POINT ( 'NONE',  ( 15.69312813533679041, -14.99675905516699714, -4.000000000000000000 ) ) ;
#1574 = EDGE_CURVE ( 'NONE', #2836, #778, #40, .T. ) ;
#1575 = EDGE_CURVE ( 'NONE', #733, #2359, #1421, .T. ) ;
#1576 = DIRECTION ( 'NONE',  ( -1.000000000000000000, 0.000000000000000000, 0.000000000000000000 ) ) ;
#1577 = DIRECTION ( 'NONE',  ( 1.000000000000000000, 0.000000000000000000, 0.000000000000000000 ) ) ;
#1578 = DIRECTION ( 'NONE',  ( 1.000000000000000000, 0.000000000000000000, 0.000000000000000000 ) ) ;
#1579 = AXIS2_PLACEMENT_3D ( 'NONE', #513, #554, #1898 ) ;
#1580 = AXIS2_PLACEMENT_3D ( 'NONE', #2478, #2280, #1862 ) ;
#1581 = CARTESIAN_POINT ( 'NONE',  ( 0.000000000000000000, 0.000000000000000000, -4.000000000000000000 ) ) ;
#1582 = EDGE_CURVE ( 'NONE', #2746, #1988, #2119, .T. ) ;
#1583 = CARTESIAN_POINT ( 'NONE',  ( -13.62646146867011332, 4.133333333333320425, -3.566666666666647334 ) ) ;
#1584 = VERTEX_POINT ( 'NONE', #1460 ) ;
#1585 = CARTESIAN_POINT ( 'NONE',  ( 0.000000000000000000, 0.000000000000000000, -10.50000000000000000 ) ) ;
#1586 = DIRECTION ( 'NONE',  ( -0.000000000000000000, -0.000000000000000000, 1.000000000000000000 ) ) ;
#1587 = DIRECTION ( 'NONE',  ( 0.000000000000000000, -1.000000000000000000, 0.000000000000000000 ) ) ;
#1588 = CARTESIAN_POINT ( 'NONE',  ( -17.38794076175697256, -17.26005550586760151, -1.376270721417210519 ) ) ;
#1589 = DIRECTION ( 'NONE',  ( -0.000000000000000000, 0.000000000000000000, 1.000000000000000000 ) ) ;
#1590 = DIRECTION ( 'NONE',  ( -0.000000000000000000, 0.000000000000000000, 1.000000000000000000 ) ) ;
#1591 = AXIS2_PLACEMENT_3D ( 'NONE', #1136, #1175, #41 ) ;
#1592 = EDGE_CURVE ( 'NONE', #2580, #1511, #824, .T. ) ;
#1593 = ADVANCED_FACE ( 'NONE', ( #577 ), #794, .T. ) ;
#1594 = DIRECTION ( 'NONE',  ( 0.000000000000000000, 0.000000000000000000, 1.000000000000000000 ) ) ;
#1595 = CC_DESIGN_APPROVAL ( #2201, ( #1967 ) ) ;
#1596 = DESIGN_CONTEXT ( 'detailed design', #1128, 'design' ) ;
#1597 = AXIS2_PLACEMENT_3D ( 'NONE', #451, #1804, #1994 ) ;
#1598 = CARTESIAN_POINT ( 'NONE',  ( 10.81180553784071385, -13.61180553784025449, -0.5000000000000000000 ) ) ;
#1599 = VERTEX_POINT ( 'NONE', #165 ) ;
#1600 = FACE_OUTER_BOUND ( 'NONE', #1727, .T. ) ;
#1601 = PLANE ( 'NONE',  #1545 ) ;
#1602 = CARTESIAN_POINT ( 'NONE',  ( 11.11180553784111069, -13.61180553784101299, -4.000000000000000000 ) ) ;
#1603 = VERTEX_POINT ( 'NONE', #608 ) ;
#1604 = DIRECTION ( 'NONE',  ( 0.000000000000000000, 0.000000000000000000, 1.000000000000000000 ) ) ;
#1605 = DIRECTION ( 'NONE',  ( 1.000000000000000000, 0.000000000000000000, 0.000000000000000000 ) ) ;
#1606 = FACE_OUTER_BOUND ( 'NONE', #1936, .T. ) ;
#1607 = DIRECTION ( 'NONE',  ( 1.000000000000000000, 0.000000000000000000, 0.000000000000000000 ) ) ;
#1608 = EDGE_CURVE ( 'NONE', #226, #595, #2686, .T. ) ;
#1609 = AXIS2_PLACEMENT_3D ( 'NONE', #2594, #2609, #1916 ) ;
#1610 = EDGE_CURVE ( 'NONE', #2184, #1599, #1803, .T. ) ;
#1611 = FACE_OUTER_BOUND ( 'NONE', #2311, .T. ) ;
#1612 = ORIENTED_EDGE ( 'NONE', *, *, #1761, .F. ) ;
#1613 = CARTESIAN_POINT ( 'NONE',  ( 16.81792974564244503, -17.26005550586760506, -0.4608377997026247841 ) ) ;
#1614 = DIRECTION ( 'NONE',  ( 0.000000000000000000, 0.000000000000000000, 1.000000000000000000 ) ) ;
#1615 = VECTOR ( 'NONE', #803, 1000.000000000000000 ) ;
#1616 = DIRECTION ( 'NONE',  ( 1.000000000000000000, 0.000000000000000000, 0.000000000000000000 ) ) ;
#1617 = ORIENTED_EDGE ( 'NONE', *, *, #166, .T. ) ;
#1618 = CARTESIAN_POINT ( 'NONE',  ( 21.83689538373071670, -6.200000000000000178, -5.000000000000000000 ) ) ;
#1619 = CARTESIAN_POINT ( 'NONE',  ( 0.000000000000000000, 0.000000000000000000, -1.499999999999999556 ) ) ;
#1620 = DIRECTION ( 'NONE',  ( 1.000000000000000000, 0.000000000000000000, 0.000000000000000000 ) ) ;
#1621 = ORIENTED_EDGE ( 'NONE', *, *, #2864, .F. ) ;
#1622 = CIRCLE ( 'NONE', #325, 22.69999999999999929 ) ;
#1623 = ORIENTED_EDGE ( 'NONE', *, *, #2007, .T. ) ;
#1624 = DIRECTION ( 'NONE',  ( -0.000000000000000000, 0.000000000000000000, 1.000000000000000000 ) ) ;
#1625 = CC_DESIGN_PERSON_AND_ORGANIZATION_ASSIGNMENT ( #1093, #883, ( #1967 ) ) ;
#1626 = ADVANCED_FACE ( 'NONE', ( #1430 ), #394, .T. ) ;
#1627 = LINE ( 'NONE', #992, #2760 ) ;
#1628 = EDGE_LOOP ( 'NONE', ( #395, #1228 ) ) ;
#1629 = DIRECTION ( 'NONE',  ( -0.000000000000000000, 0.000000000000000000, 1.000000000000000000 ) ) ;
#1630 = DIRECTION ( 'NONE',  ( -0.000000000000000000, 0.000000000000000000, 1.000000000000000000 ) ) ;
#1631 = CARTESIAN_POINT ( 'NONE',  ( -0.000000000000000000, 3.356064408783718367, -2.600000000000000089 ) ) ;
#1632 = ORIENTED_EDGE ( 'NONE', *, *, #861, .T. ) ;
#1633 = VECTOR ( 'NONE', #1698, 1000.000000000000000 ) ;
#1634 = CYLINDRICAL_SURFACE ( 'NONE', #2708, 0.8000000000000003775 ) ;
#1635 = LOCAL_TIME ( 15, 12, 12.00000000000000000, #2839 ) ;
#1636 = AXIS2_PLACEMENT_3D ( 'NONE', #262, #920, #2701 ) ;
#1637 = EDGE_LOOP ( 'NONE', ( #650, #2844, #1856, #816 ) ) ;
#1638 = CYLINDRICAL_SURFACE ( 'NONE', #2512, 2.500000000000000444 ) ;
#1639 = CIRCLE ( 'NONE', #2487, 2.800000000000030020 ) ;
#1640 = EDGE_LOOP ( 'NONE', ( #633, #542, #1089, #978, #2267, #289, #2610, #2240, #1113, #628, #1632, #158 ) ) ;
#1641 = DIRECTION ( 'NONE',  ( 0.000000000000000000, -1.000000000000000000, 0.000000000000000000 ) ) ;
#1642 = ORIENTED_EDGE ( 'NONE', *, *, #365, .F. ) ;
#1643 = ADVANCED_FACE ( 'NONE', ( #180 ), #1947, .T. ) ;
#1644 = DIRECTION ( 'NONE',  ( 0.000000000000000000, -0.000000000000000000, -1.000000000000000000 ) ) ;
#1645 = EDGE_CURVE ( 'NONE', #1772, #1530, #2140, .T. ) ;
#1646 = CYLINDRICAL_SURFACE ( 'NONE', #2190, 1.250000000000101696 ) ;
#1647 = FACE_BOUND ( 'NONE', #2227, .T. ) ;
#1648 = ORIENTED_EDGE ( 'NONE', *, *, #884, .F. ) ;
#1649 = DIRECTION ( 'NONE',  ( -0.000000000000000000, 0.000000000000000000, 1.000000000000000000 ) ) ;
#1650 = VERTEX_POINT ( 'NONE', #354 ) ;
#1651 = CARTESIAN_POINT ( 'NONE',  ( 16.41180553784109364, 13.61180553784106451, -0.5000000000000000000 ) ) ;
#1652 = ORIENTED_EDGE ( 'NONE', *, *, #1762, .F. ) ;
#1653 = CARTESIAN_POINT ( 'NONE',  ( 16.11180553784103253, -13.61180553784101299, -4.000000000000000000 ) ) ;
#1654 = EDGE_LOOP ( 'NONE', ( #2625, #2565, #765, #1880 ) ) ;
#1655 = AXIS2_PLACEMENT_3D ( 'NONE', #2581, #2825, #1685 ) ;
#1656 = FACE_OUTER_BOUND ( 'NONE', #2146, .T. ) ;
#1657 = EDGE_CURVE ( 'NONE', #75, #2398, #1709, .T. ) ;
#1658 = DIRECTION ( 'NONE',  ( 0.000000000000000000, 0.000000000000000000, 1.000000000000000000 ) ) ;
#1659 = LINE ( 'NONE', #2316, #2468 ) ;
#1660 = EDGE_CURVE ( 'NONE', #87, #174, #1693, .T. ) ;
#1661 = EDGE_LOOP ( 'NONE', ( #328, #2111, #2457, #746 ) ) ;
#1662 = ADVANCED_FACE ( 'NONE', ( #1656 ), #2524, .F. ) ;
#1663 = VERTEX_POINT ( 'NONE', #1437 ) ;
#1664 = LINE ( 'NONE', #1001, #1355 ) ;
#1665 = ORIENTED_EDGE ( 'NONE', *, *, #267, .F. ) ;
#1666 = PLANE ( 'NONE',  #2777 ) ;
#1667 = TOROIDAL_SURFACE ( 'NONE', #2046, 23.00000000000000711, 1.500000000000000000 ) ;
#1668 = CIRCLE ( 'NONE', #1246, 2.500000000000031530 ) ;
#1669 = EDGE_LOOP ( 'NONE', ( #763, #188, #652, #1745 ) ) ;
#1670 = FACE_OUTER_BOUND ( 'NONE', #726, .T. ) ;
#1671 = VERTEX_POINT ( 'NONE', #525 ) ;
#1672 = EDGE_LOOP ( 'NONE', ( #1549, #2136 ) ) ;
#1673 = CARTESIAN_POINT ( 'NONE',  ( 0.000000000000000000, 0.000000000000000000, -4.000000000000000000 ) ) ;
#1674 = AXIS2_PLACEMENT_3D ( 'NONE', #2071, #715, #2540 ) ;
#1675 = LINE ( 'NONE', #600, #2299 ) ;
#1676 = CARTESIAN_POINT ( 'NONE',  ( -13.61180553784027580, -13.61180553784104319, -4.000000000000000000 ) ) ;
#1677 = ORIENTED_EDGE ( 'NONE', *, *, #1273, .T. ) ;
#1678 = CARTESIAN_POINT ( 'NONE',  ( 0.000000000000000000, 0.000000000000000000, -6.000000000000000000 ) ) ;
#1679 = CC_DESIGN_PERSON_AND_ORGANIZATION_ASSIGNMENT ( #2664, #2621, ( #1498 ) ) ;
#1680 = EDGE_CURVE ( 'NONE', #2345, #2373, #340, .T. ) ;
#1681 = CARTESIAN_POINT ( 'NONE',  ( -9.530482940345283538, 0.000000000000000000, -4.000000000000000000 ) ) ;
#1682 = VECTOR ( 'NONE', #2606, 1000.000000000000000 ) ;
#1683 = EDGE_CURVE ( 'NONE', #2051, #338, #2756, .T. ) ;
#1684 = VERTEX_POINT ( 'NONE', #1022 ) ;
#1685 = DIRECTION ( 'NONE',  ( 1.000000000000000000, 0.000000000000000000, 0.000000000000000000 ) ) ;
#1686 = AXIS2_PLACEMENT_3D ( 'NONE', #518, #1407, #308 ) ;
#1687 = CIRCLE ( 'NONE', #2247, 2.300000000000086864 ) ;
#1688 = VERTEX_POINT ( 'NONE', #1189 ) ;
#1689 = DIRECTION ( 'NONE',  ( 0.000000000000000000, -1.000000000000000000, 0.000000000000000000 ) ) ;
#1690 = ORIENTED_EDGE ( 'NONE', *, *, #2254, .T. ) ;
#1691 = VERTEX_POINT ( 'NONE', #1233 ) ;
#1692 = AXIS2_PLACEMENT_3D ( 'NONE', #2873, #829, #1062 ) ;
#1693 = LINE ( 'NONE', #550, #1334 ) ;
#1694 = DIRECTION ( 'NONE',  ( 0.000000000000000000, 0.000000000000000000, 1.000000000000000000 ) ) ;
#1695 = CARTESIAN_POINT ( 'NONE',  ( -17.19312813533616691, 7.699999999999998401, -4.000000000000000000 ) ) ;
#1696 = VERTEX_POINT ( 'NONE', #96 ) ;
#1697 = ORIENTED_EDGE ( 'NONE', *, *, #961, .F. ) ;
#1698 = DIRECTION ( 'NONE',  ( 0.000000000000000000, 0.000000000000000000, 1.000000000000000000 ) ) ;
#1699 = PLANE ( 'NONE',  #2434 ) ;
#1700 = EDGE_CURVE ( 'NONE', #560, #1584, #1986, .T. ) ;
#1701 = DIRECTION ( 'NONE',  ( 1.000000000000000000, 0.000000000000000000, 0.000000000000000000 ) ) ;
#1702 = EDGE_CURVE ( 'NONE', #588, #1684, #2126, .T. ) ;
#1703 = ORIENTED_EDGE ( 'NONE', *, *, #1219, .T. ) ;
#1704 = DIRECTION ( 'NONE',  ( 1.000000000000000000, 0.000000000000000000, 0.000000000000000000 ) ) ;
#1705 = EDGE_LOOP ( 'NONE', ( #2292, #1766, #596, #1978 ) ) ;
#1706 = ORIENTED_EDGE ( 'NONE', *, *, #575, .T. ) ;
#1707 = EDGE_CURVE ( 'NONE', #1052, #1907, #181, .T. ) ;
#1708 = DIRECTION ( 'NONE',  ( 1.000000000000000000, 0.000000000000000000, 0.000000000000000000 ) ) ;
#1709 = CIRCLE ( 'NONE', #954, 24.50000000000000711 ) ;
#1710 = CARTESIAN_POINT ( 'NONE',  ( 0.000000000000000000, 0.000000000000000000, 0.000000000000000000 ) ) ;
#1711 = DIRECTION ( 'NONE',  ( 1.000000000000000000, 0.000000000000000000, 0.000000000000000000 ) ) ;
#1712 = ORIENTED_EDGE ( 'NONE', *, *, #89, .T. ) ;
#1713 = ORIENTED_EDGE ( 'NONE', *, *, #1934, .T. ) ;
#1714 = LINE ( 'NONE', #1746, #566 ) ;
#1715 = PERSON_AND_ORGANIZATION ( #2575, #114 ) ;
#1716 = DIRECTION ( 'NONE',  ( -0.000000000000000000, 0.000000000000000000, 1.000000000000000000 ) ) ;
#1717 = ORIENTED_EDGE ( 'NONE', *, *, #749, .F. ) ;
#1718 = CARTESIAN_POINT ( 'NONE',  ( -16.41180553784121798, -13.61180553784106451, 0.000000000000000000 ) ) ;
#1719 = ORIENTED_EDGE ( 'NONE', *, *, #19, .T. ) ;
#1720 = ORIENTED_EDGE ( 'NONE', *, *, #2504, .F. ) ;
#1721 = EDGE_CURVE ( 'NONE', #1282, #75, #1846, .T. ) ;
#1722 = AXIS2_PLACEMENT_3D ( 'NONE', #356, #528, #1620 ) ;
#1723 = AXIS2_PLACEMENT_3D ( 'NONE', #2452, #1541, #241 ) ;
#1724 = CARTESIAN_POINT ( 'NONE',  ( 15.91180553784109186, 13.61180553784106451, -2.000000000000000000 ) ) ;
#1725 = LINE ( 'NONE', #569, #1034 ) ;
#1726 = DIRECTION ( 'NONE',  ( -0.000000000000000000, 0.000000000000000000, 1.000000000000000000 ) ) ;
#1727 = EDGE_LOOP ( 'NONE', ( #793, #407, #2342, #510, #1706, #1510, #1368, #968 ) ) ;
#1728 = ORIENTED_EDGE ( 'NONE', *, *, #1882, .F. ) ;
#1729 = CARTESIAN_POINT ( 'NONE',  ( -11.53048294034528531, 6.200000000000000178, -2.600000000000000089 ) ) ;
#1730 = CALENDAR_DATE ( 2025, 9, 7 ) ;
#1731 = CIRCLE ( 'NONE', #2194, 24.50000000000000711 ) ;
#1732 = ORIENTED_EDGE ( 'NONE', *, *, #265, .T. ) ;
#1733 = FACE_OUTER_BOUND ( 'NONE', #1012, .T. ) ;
#1734 = VERTEX_POINT ( 'NONE', #128 ) ;
#1735 = CIRCLE ( 'NONE', #110, 2.500000000000000444 ) ;
#1736 = ORIENTED_EDGE ( 'NONE', *, *, #1877, .F. ) ;
#1737 = APPROVAL_PERSON_ORGANIZATION ( #1715, #719, #405 ) ;
#1738 = DIRECTION ( 'NONE',  ( -0.000000000000000000, -0.000000000000000000, 1.000000000000000000 ) ) ;
#1739 = CARTESIAN_POINT ( 'NONE',  ( 4.374452428089294465, -9.814665547863189232, 0.000000000000000000 ) ) ;
#1740 = VECTOR ( 'NONE', #252, 1000.000000000000000 ) ;
#1741 = EDGE_CURVE ( 'NONE', #185, #1696, #1188, .T. ) ;
#1742 = CIRCLE ( 'NONE', #299, 2.499999999999960476 ) ;
#1743 = ORIENTED_EDGE ( 'NONE', *, *, #1970, .T. ) ;
#1744 = ADVANCED_FACE ( 'NONE', ( #1247, #784 ), #2800, .F. ) ;
#1745 = ORIENTED_EDGE ( 'NONE', *, *, #977, .F. ) ;
#1746 = CARTESIAN_POINT ( 'NONE',  ( -17.38794076175697967, -17.26005550586760506, -4.000000000000000000 ) ) ;
#1747 = EDGE_CURVE ( 'NONE', #1540, #1924, #323, .T. ) ;
#1748 = VERTEX_POINT ( 'NONE', #802 ) ;
#1749 = DIRECTION ( 'NONE',  ( -0.000000000000000000, 0.000000000000000000, 1.000000000000000000 ) ) ;
#1750 = ORIENTED_EDGE ( 'NONE', *, *, #1013, .T. ) ;
#1751 = ORIENTED_EDGE ( 'NONE', *, *, #1798, .F. ) ;
#1752 = VECTOR ( 'NONE', #1040, 1000.000000000000000 ) ;
#1753 = CARTESIAN_POINT ( 'NONE',  ( 15.84536521140326393, -16.25467321471739268, -10.50000000000000000 ) ) ;
#1754 = DIRECTION ( 'NONE',  ( -0.000000000000000000, 0.000000000000000000, 1.000000000000000000 ) ) ;
#1755 = CARTESIAN_POINT ( 'NONE',  ( 0.000000000000000000, 6.200000000000000178, -9.500000000000000000 ) ) ;
#1756 = EDGE_CURVE ( 'NONE', #95, #2793, #2082, .T. ) ;
#1757 = CARTESIAN_POINT ( 'NONE',  ( -0.000000000000000000, 7.699999999999998401, -4.000000000000000000 ) ) ;
#1758 = VERTEX_POINT ( 'NONE', #311 ) ;
#1759 = DIRECTION ( 'NONE',  ( -0.000000000000000000, 0.000000000000000000, 1.000000000000000000 ) ) ;
#1760 = FACE_OUTER_BOUND ( 'NONE', #2366, .T. ) ;
#1761 = EDGE_CURVE ( 'NONE', #1530, #1835, #1941, .T. ) ;
#1762 = EDGE_CURVE ( 'NONE', #2633, #1514, #915, .T. ) ;
#1763 = APPROVAL_STATUS ( 'not_yet_approved' ) ;
#1764 = ORIENTED_EDGE ( 'NONE', *, *, #2438, .T. ) ;
#1765 = FACE_BOUND ( 'NONE', #1945, .T. ) ;
#1766 = ORIENTED_EDGE ( 'NONE', *, *, #1911, .T. ) ;
#1767 = CARTESIAN_POINT ( 'NONE',  ( -13.61180553784027580, -13.61180553784104319, -2.600000000000000089 ) ) ;
#1768 = CYLINDRICAL_SURFACE ( 'NONE', #1234, 1.250000000000004663 ) ;
#1769 = CARTESIAN_POINT ( 'NONE',  ( -0.000000000000000000, 6.699999999999998401, -2.600000000000000089 ) ) ;
#1770 = AXIS2_PLACEMENT_3D ( 'NONE', #2819, #440, #2379 ) ;
#1771 = DIRECTION ( 'NONE',  ( 1.000000000000000000, 0.000000000000000000, 0.000000000000000000 ) ) ;
#1772 = VERTEX_POINT ( 'NONE', #846 ) ;
#1773 = DIRECTION ( 'NONE',  ( 1.000000000000000000, 0.000000000000000000, 0.000000000000000000 ) ) ;
#1774 = CARTESIAN_POINT ( 'NONE',  ( -4.374452428089294465, -9.814665547863189232, -2.600000000000000089 ) ) ;
#1775 = DIRECTION ( 'NONE',  ( -0.000000000000000000, -0.000000000000000000, 1.000000000000000000 ) ) ;
#1776 = EDGE_CURVE ( 'NONE', #2537, #1282, #1308, .T. ) ;
#1777 = EDGE_CURVE ( 'NONE', #316, #588, #2642, .T. ) ;
#1778 = LINE ( 'NONE', #1389, #2014 ) ;
#1779 = EDGE_LOOP ( 'NONE', ( #1244, #1939 ) ) ;
#1780 = CARTESIAN_POINT ( 'NONE',  ( -16.11180553784027580, -13.61180553784104319, -4.000000000000000000 ) ) ;
#1781 = AXIS2_PLACEMENT_3D ( 'NONE', #204, #853, #1044 ) ;
#1782 = CARTESIAN_POINT ( 'NONE',  ( -16.19312813533647955, 6.699999999999998401, -2.600000000000000089 ) ) ;
#1783 = AXIS2_PLACEMENT_3D ( 'NONE', #737, #1473, #2725 ) ;
#1784 = DIRECTION ( 'NONE',  ( 1.000000000000000000, 0.000000000000000000, 0.000000000000000000 ) ) ;
#1785 = FACE_OUTER_BOUND ( 'NONE', #211, .T. ) ;
#1786 = VECTOR ( 'NONE', #1258, 1000.000000000000000 ) ;
#1787 = CARTESIAN_POINT ( 'NONE',  ( 23.69999999999999929, 0.000000000000000000, -10.50000000000000000 ) ) ;
#1788 = DIRECTION ( 'NONE',  ( 0.000000000000000000, 0.000000000000000000, 1.000000000000000000 ) ) ;
#1789 = AXIS2_PLACEMENT_3D ( 'NONE', #443, #642, #186 ) ;
#1790 = CARTESIAN_POINT ( 'NONE',  ( 0.000000000000000000, 0.000000000000000000, -5.000000000000000000 ) ) ;
#1791 = ADVANCED_FACE ( 'NONE', ( #2377 ), #874, .F. ) ;
#1792 = DIRECTION ( 'NONE',  ( 0.000000000000000000, 0.000000000000000000, 1.000000000000000000 ) ) ;
#1793 = ORIENTED_EDGE ( 'NONE', *, *, #2284, .T. ) ;
#1794 = FACE_BOUND ( 'NONE', #2214, .T. ) ;
#1795 = ADVANCED_FACE ( 'NONE', ( #2630 ), #1768, .F. ) ;
#1796 = LINE ( 'NONE', #906, #2481 ) ;
#1797 = CARTESIAN_POINT ( 'NONE',  ( 24.50000000000000711, 0.000000000000000000, -1.499999999999999556 ) ) ;
#1798 = EDGE_CURVE ( 'NONE', #419, #170, #273, .T. ) ;
#1799 = CARTESIAN_POINT ( 'NONE',  ( 21.83689538373071670, -6.200000000000000178, -9.500000000000000000 ) ) ;
#1800 = CARTESIAN_POINT ( 'NONE',  ( 14.98092525644531214, -17.05467321471739339, -6.000000000000000000 ) ) ;
#1801 = CARTESIAN_POINT ( 'NONE',  ( 0.000000000000000000, -6.200000000000000178, -9.500000000000000000 ) ) ;
#1802 = CARTESIAN_POINT ( 'NONE',  ( -9.530482940345283538, 3.356064408783718367, -4.000000000000000000 ) ) ;
#1803 = CIRCLE ( 'NONE', #2595, 1.250000000000004663 ) ;
#1804 = DIRECTION ( 'NONE',  ( -0.000000000000000000, 0.000000000000000000, 1.000000000000000000 ) ) ;
#1805 = ORIENTED_EDGE ( 'NONE', *, *, #285, .T. ) ;
#1806 = DIRECTION ( 'NONE',  ( -0.000000000000000000, 0.000000000000000000, 1.000000000000000000 ) ) ;
#1807 = DIRECTION ( 'NONE',  ( -0.000000000000000000, 0.000000000000000000, 1.000000000000000000 ) ) ;
#1808 = CARTESIAN_POINT ( 'NONE',  ( -13.61180553784106806, 13.61180553784100944, -2.000000000000000000 ) ) ;
#1809 = CC_DESIGN_PERSON_AND_ORGANIZATION_ASSIGNMENT ( #1977, #1507, ( #1117 ) ) ;
#1810 = EDGE_CURVE ( 'NONE', #869, #2591, #1512, .T. ) ;
#1811 = CARTESIAN_POINT ( 'NONE',  ( -16.39203374777792277, -17.26005550586760506, -0.2189688646784705706 ) ) ;
#1812 = FACE_OUTER_BOUND ( 'NONE', #2799, .T. ) ;
#1813 = DIRECTION ( 'NONE',  ( 1.000000000000000000, 0.000000000000000000, 0.000000000000000000 ) ) ;
#1814 = AXIS2_PLACEMENT_3D ( 'NONE', #1222, #2514, #1910 ) ;
#1815 = AXIS2_PLACEMENT_3D ( 'NONE', #1267, #2465, #601 ) ;
#1816 = CARTESIAN_POINT ( 'NONE',  ( 4.374452428089294465, -14.99675905516700070, -4.000000000000000000 ) ) ;
#1817 = CARTESIAN_POINT ( 'NONE',  ( -10.03048294034528531, 2.356064408783716146, 0.000000000000000000 ) ) ;
#1818 = ORIENTED_EDGE ( 'NONE', *, *, #2089, .F. ) ;
#1819 = DIRECTION ( 'NONE',  ( 1.000000000000000000, 0.000000000000000000, 0.000000000000000000 ) ) ;
#1820 = DIRECTION ( 'NONE',  ( -1.000000000000000000, 0.000000000000000000, 0.000000000000000000 ) ) ;
#1821 = LINE ( 'NONE', #1394, #2022 ) ;
#1822 = ORIENTED_EDGE ( 'NONE', *, *, #19, .F. ) ;
#1823 = CARTESIAN_POINT ( 'NONE',  ( -17.38794076175697967, -17.26005550586760506, -1.499999999999999556 ) ) ;
#1824 = EDGE_CURVE ( 'NONE', #1295, #625, #1528, .T. ) ;
#1825 = AXIS2_PLACEMENT_3D ( 'NONE', #1976, #1489, #2412 ) ;
#1826 = CARTESIAN_POINT ( 'NONE',  ( 11.11180553784111069, -13.61180553784101299, -2.600000000000000089 ) ) ;
#1827 = CARTESIAN_POINT ( 'NONE',  ( 16.11180553784103253, -13.61180553784101299, -4.000000000000000000 ) ) ;
#1828 = VECTOR ( 'NONE', #2641, 1000.000000000000000 ) ;
#1829 = AXIS2_PLACEMENT_3D ( 'NONE', #1790, #488, #1566 ) ;
#1830 = EDGE_CURVE ( 'NONE', #694, #1663, #1742, .T. ) ;
#1831 = PLANE ( 'NONE',  #1263 ) ;
#1832 = AXIS2_PLACEMENT_3D ( 'NONE', #842, #2182, #196 ) ;
#1833 = EDGE_CURVE ( 'NONE', #1304, #1930, #2395, .T. ) ;
#1834 = CARTESIAN_POINT ( 'NONE',  ( 0.000000000000000000, 0.000000000000000000, -2.600000000000000089 ) ) ;
#1835 = VERTEX_POINT ( 'NONE', #2187 ) ;
#1836 = CARTESIAN_POINT ( 'NONE',  ( 0.000000000000000000, 6.200000000000000178, -2.600000000000000089 ) ) ;
#1837 = CARTESIAN_POINT ( 'NONE',  ( 11.53048294034535637, -14.99675905516695273, -4.000000000000000000 ) ) ;
#1838 = CARTESIAN_POINT ( 'NONE',  ( -10.46208542355782711, 9.087107120562679441, -6.731042711778900234 ) ) ;
#1839 = ORIENTED_EDGE ( 'NONE', *, *, #233, .T. ) ;
#1840 = DIRECTION ( 'NONE',  ( 0.000000000000000000, -0.000000000000000000, -1.000000000000000000 ) ) ;
#1841 = CARTESIAN_POINT ( 'NONE',  ( -17.19312813533616691, 2.356064408783718367, -4.000000000000000000 ) ) ;
#1842 = DIRECTION ( 'NONE',  ( 1.000000000000000000, -0.000000000000000000, 0.000000000000000000 ) ) ;
#1843 = ORIENTED_EDGE ( 'NONE', *, *, #1, .F. ) ;
#1844 = SHAPE_DEFINITION_REPRESENTATION ( #1567, #1526 ) ;
#1845 = EDGE_CURVE ( 'NONE', #402, #75, #2408, .T. ) ;
#1846 = CIRCLE ( 'NONE', #590, 24.50000000000000711 ) ;
#1847 = ORIENTED_EDGE ( 'NONE', *, *, #1249, .F. ) ;
#1848 = CARTESIAN_POINT ( 'NONE',  ( 17.29935039268843155, -17.26005550586760506, -1.015496216002577556 ) ) ;
#1849 = CARTESIAN_POINT ( 'NONE',  ( -16.19312813533647955, 3.356064408783718367, -4.000000000000000000 ) ) ;
#1850 = AXIS2_PLACEMENT_3D ( 'NONE', #187, #2615, #787 ) ;
#1851 = CARTESIAN_POINT ( 'NONE',  ( 0.000000000000000000, 6.200000000000000178, -9.500000000000000000 ) ) ;
#1852 = ORIENTED_EDGE ( 'NONE', *, *, #861, .F. ) ;
#1853 = CARTESIAN_POINT ( 'NONE',  ( -16.41180553784110074, 13.61180553784100944, 0.000000000000000000 ) ) ;
#1854 = LINE ( 'NONE', #2744, #2659 ) ;
#1855 = DIRECTION ( 'NONE',  ( -1.000000000000000000, 0.000000000000000000, 0.000000000000000000 ) ) ;
#1856 = ORIENTED_EDGE ( 'NONE', *, *, #2044, .F. ) ;
#1857 = LINE ( 'NONE', #131, #2242 ) ;
#1858 = AXIS2_PLACEMENT_3D ( 'NONE', #1801, #895, #2473 ) ;
#1859 = AXIS2_PLACEMENT_3D ( 'NONE', #1351, #1025, #681 ) ;
#1860 = EDGE_CURVE ( 'NONE', #778, #2836, #2763, .T. ) ;
#1861 = EDGE_LOOP ( 'NONE', ( #1302, #872, #658, #1477 ) ) ;
#1862 = DIRECTION ( 'NONE',  ( 1.000000000000000000, 0.000000000000000000, 0.000000000000000000 ) ) ;
#1863 = DIRECTION ( 'NONE',  ( -0.000000000000000000, -0.000000000000000000, 1.000000000000000000 ) ) ;
#1864 = DIRECTION ( 'NONE',  ( 1.000000000000000000, 0.000000000000000000, 0.000000000000000000 ) ) ;
#1865 = ORIENTED_EDGE ( 'NONE', *, *, #90, .F. ) ;
#1866 = CARTESIAN_POINT ( 'NONE',  ( 0.000000000000000000, 0.000000000000000000, -4.000000000000000000 ) ) ;
#1867 = CARTESIAN_POINT ( 'NONE',  ( 3.384320084140410341E-15, -14.99675905516699892, -4.000000000000000000 ) ) ;
#1868 = ORIENTED_EDGE ( 'NONE', *, *, #2254, .F. ) ;
#1869 = AXIS2_PLACEMENT_3D ( 'NONE', #764, #2574, #556 ) ;
#1870 = CIRCLE ( 'NONE', #2755, 2.300000000000202771 ) ;
#1871 = CARTESIAN_POINT ( 'NONE',  ( 13.61180553784100589, 13.61180553784106451, -4.000000000000000000 ) ) ;
#1872 = VECTOR ( 'NONE', #2275, 1000.000000000000000 ) ;
#1873 = VECTOR ( 'NONE', #856, 1000.000000000000000 ) ;
#1874 = ORIENTED_EDGE ( 'NONE', *, *, #2397, .T. ) ;
#1875 = DIRECTION ( 'NONE',  ( 1.000000000000000000, 0.000000000000000000, 0.000000000000000000 ) ) ;
#1876 = VECTOR ( 'NONE', #2673, 1000.000000000000000 ) ;
#1877 = EDGE_CURVE ( 'NONE', #1206, #1985, #2158, .T. ) ;
#1878 = VERTEX_POINT ( 'NONE', #1955 ) ;
#1879 = CARTESIAN_POINT ( 'NONE',  ( -14.98092525644531214, -17.05467321471739339, -6.000000000000000000 ) ) ;
#1880 = ORIENTED_EDGE ( 'NONE', *, *, #166, .F. ) ;
#1881 = ADVANCED_FACE ( 'NONE', ( #381 ), #2217, .F. ) ;
#1882 = EDGE_CURVE ( 'NONE', #137, #2092, #426, .T. ) ;
#1883 = CARTESIAN_POINT ( 'NONE',  ( 0.000000000000000000, 0.000000000000000000, -11.50000000000000000 ) ) ;
#1884 = CARTESIAN_POINT ( 'NONE',  ( 23.70253151036826011, 6.200000000000000178, -5.000000000000000000 ) ) ;
#1885 = DIRECTION ( 'NONE',  ( 1.000000000000000000, 0.000000000000000000, 0.000000000000000000 ) ) ;
#1886 = EDGE_LOOP ( 'NONE', ( #962, #1736 ) ) ;
#1887 = CARTESIAN_POINT ( 'NONE',  ( 15.91180553784217544, -13.61180553784025449, -2.000000000000000000 ) ) ;
#1888 = ORIENTED_EDGE ( 'NONE', *, *, #2718, .F. ) ;
#1889 = DIRECTION ( 'NONE',  ( 1.000000000000000000, 0.000000000000000000, 0.000000000000000000 ) ) ;
#1890 = ORIENTED_EDGE ( 'NONE', *, *, #267, .T. ) ;
#1891 = PLANE ( 'NONE',  #2389 ) ;
#1892 = ORIENTED_EDGE ( 'NONE', *, *, #1860, .F. ) ;
#1893 = EDGE_LOOP ( 'NONE', ( #1187, #1319, #1271, #2313, #2156, #1038, #2820, #2077, #1433, #116, #2669, #2399, #2139, #343, #565, #1847 ) ) ;
#1894 = ADVANCED_FACE ( 'NONE', ( #655 ), #230, .F. ) ;
#1895 = CARTESIAN_POINT ( 'NONE',  ( -13.61180553784106806, 13.61180553784100944, -4.000000000000000000 ) ) ;
#1896 = DIRECTION ( 'NONE',  ( 1.000000000000000000, 0.000000000000000000, 0.000000000000000000 ) ) ;
#1897 = EDGE_CURVE ( 'NONE', #2706, #806, #818, .T. ) ;
#1898 = DIRECTION ( 'NONE',  ( 1.000000000000000000, 0.000000000000000000, 0.000000000000000000 ) ) ;
#1899 = ORIENTED_EDGE ( 'NONE', *, *, #16, .F. ) ;
#1900 = EDGE_CURVE ( 'NONE', #304, #1907, #2159, .T. ) ;
#1901 = CARTESIAN_POINT ( 'NONE',  ( 13.61180553784144465, -13.61180553784025449, 0.000000000000000000 ) ) ;
#1902 = ORIENTED_EDGE ( 'NONE', *, *, #1484, .F. ) ;
#1903 = CARTESIAN_POINT ( 'NONE',  ( 4.374452428089294465, 0.000000000000000000, -2.600000000000000089 ) ) ;
#1904 = ORIENTED_EDGE ( 'NONE', *, *, #249, .F. ) ;
#1905 = CARTESIAN_POINT ( 'NONE',  ( -11.53048294034528531, 0.000000000000000000, -1.499999999999987566 ) ) ;
#1906 = ORIENTED_EDGE ( 'NONE', *, *, #2790, .T. ) ;
#1907 = VERTEX_POINT ( 'NONE', #27 ) ;
#1908 = DIRECTION ( 'NONE',  ( 1.000000000000000000, 0.000000000000000000, 0.000000000000000000 ) ) ;
#1909 = DIRECTION ( 'NONE',  ( 1.000000000000000000, -2.574492679385935349E-15, 0.000000000000000000 ) ) ;
#1910 = DIRECTION ( 'NONE',  ( 1.000000000000000000, 0.000000000000000000, 0.000000000000000000 ) ) ;
#1911 = EDGE_CURVE ( 'NONE', #2582, #335, #10, .T. ) ;
#1912 = ORIENTED_EDGE ( 'NONE', *, *, #2721, .T. ) ;
#1913 = DIRECTION ( 'NONE',  ( 0.000000000000000000, -1.000000000000000000, 0.000000000000000000 ) ) ;
#1914 = EDGE_CURVE ( 'NONE', #2325, #377, #496, .T. ) ;
#1915 = CARTESIAN_POINT ( 'NONE',  ( 4.374452428089294465, -14.99675905516700070, -4.000000000000000000 ) ) ;
#1916 = DIRECTION ( 'NONE',  ( 1.000000000000000000, 0.000000000000000000, 0.000000000000000000 ) ) ;
#1917 = ADVANCED_FACE ( 'NONE', ( #2695, #2712 ), #1116, .T. ) ;
#1918 = VECTOR ( 'NONE', #2810, 1000.000000000000000 ) ;
#1919 = AXIS2_PLACEMENT_3D ( 'NONE', #42, #1090, #1989 ) ;
#1920 = AXIS2_PLACEMENT_3D ( 'NONE', #2312, #309, #1215 ) ;
#1921 = ORIENTED_EDGE ( 'NONE', *, *, #2734, .F. ) ;
#1922 = DIRECTION ( 'NONE',  ( -0.000000000000000000, 0.000000000000000000, 1.000000000000000000 ) ) ;
#1923 = ORIENTED_EDGE ( 'NONE', *, *, #1657, .F. ) ;
#1924 = VERTEX_POINT ( 'NONE', #907 ) ;
#1925 = VECTOR ( 'NONE', #2878, 1000.000000000000000 ) ;
#1926 = DIRECTION ( 'NONE',  ( -0.000000000000000000, -0.000000000000000000, 1.000000000000000000 ) ) ;
#1927 = CARTESIAN_POINT ( 'NONE',  ( 21.83689538373071670, 6.200000000000000178, -9.500000000000000000 ) ) ;
#1928 = LINE ( 'NONE', #1780, #837 ) ;
#1929 = EDGE_LOOP ( 'NONE', ( #1241, #1495, #322, #2477 ) ) ;
#1930 = VERTEX_POINT ( 'NONE', #1797 ) ;
#1931 = PLANE ( 'NONE',  #1492 ) ;
#1932 = APPROVAL_STATUS ( 'not_yet_approved' ) ;
#1933 = EDGE_CURVE ( 'NONE', #858, #2092, #1371, .T. ) ;
#1934 = EDGE_CURVE ( 'NONE', #2597, #2780, #471, .T. ) ;
#1935 = CARTESIAN_POINT ( 'NONE',  ( 0.000000000000000000, 0.000000000000000000, -1.499999999999999556 ) ) ;
#1936 = EDGE_LOOP ( 'NONE', ( #398, #2138, #602, #579 ) ) ;
#1937 = CARTESIAN_POINT ( 'NONE',  ( 0.000000000000000000, -6.200000000000000178, -5.000000000000000000 ) ) ;
#1938 = VERTEX_POINT ( 'NONE', #684 ) ;
#1939 = ORIENTED_EDGE ( 'NONE', *, *, #1208, .T. ) ;
#1940 = DIRECTION ( 'NONE',  ( 0.000000000000000000, 0.000000000000000000, 1.000000000000000000 ) ) ;
#1941 = CIRCLE ( 'NONE', #2173, 2.500000000000054179 ) ;
#1942 = LINE ( 'NONE', #1235, #2502 ) ;
#1943 = CARTESIAN_POINT ( 'NONE',  ( 3.384320084140410341E-15, -14.99675905516699892, -2.600000000000000089 ) ) ;
#1944 = VERTEX_POINT ( 'NONE', #1573 ) ;
#1945 = EDGE_LOOP ( 'NONE', ( #1103, #119, #2830, #1874 ) ) ;
#1946 = CARTESIAN_POINT ( 'NONE',  ( -15.69312813533602835, -14.99675905516700070, -2.600000000000000089 ) ) ;
#1947 = CYLINDRICAL_SURFACE ( 'NONE', #727, 24.50000000000000711 ) ;
#1948 = EDGE_CURVE ( 'NONE', #1878, #2612, #1639, .T. ) ;
#1949 = EDGE_LOOP ( 'NONE', ( #2881, #1020, #2778, #531, #876, #780 ) ) ;
#1950 = FACE_OUTER_BOUND ( 'NONE', #1380, .T. ) ;
#1951 = ORIENTED_EDGE ( 'NONE', *, *, #2490, .T. ) ;
#1952 = EDGE_LOOP ( 'NONE', ( #2068, #1475, #370, #2861 ) ) ;
#1953 = AXIS2_PLACEMENT_3D ( 'NONE', #2787, #1400, #1178 ) ;
#1954 = AXIS2_PLACEMENT_3D ( 'NONE', #2241, #888, #1132 ) ;
#1955 = CARTESIAN_POINT ( 'NONE',  ( -10.81180553784103893, 13.61180553784100944, 0.000000000000000000 ) ) ;
#1956 = LINE ( 'NONE', #2378, #1993 ) ;
#1957 = ORIENTED_EDGE ( 'NONE', *, *, #1524, .F. ) ;
#1958 = EDGE_LOOP ( 'NONE', ( #2783, #1452, #627, #1703, #1043, #2257 ) ) ;
#1959 = CARTESIAN_POINT ( 'NONE',  ( 15.91180553784109186, 13.61180553784106451, -2.000000000000000000 ) ) ;
#1960 = AXIS2_PLACEMENT_3D ( 'NONE', #1999, #1513, #2409 ) ;
#1961 = EDGE_LOOP ( 'NONE', ( #385, #1732 ) ) ;
#1962 = CARTESIAN_POINT ( 'NONE',  ( -11.53048294034528531, 6.200000000000000178, -2.600000000000000089 ) ) ;
#1963 = ORIENTED_EDGE ( 'NONE', *, *, #2559, .T. ) ;
#1964 = AXIS2_PLACEMENT_3D ( 'NONE', #261, #1161, #2497 ) ;
#1965 = ORIENTED_EDGE ( 'NONE', *, *, #2773, .F. ) ;
#1966 = EDGE_CURVE ( 'NONE', #87, #12, #624, .T. ) ;
#1967 = SECURITY_CLASSIFICATION ( '', '', #1490 ) ;
#1968 = DIRECTION ( 'NONE',  ( 1.000000000000000000, 0.000000000000000000, 0.000000000000000000 ) ) ;
#1969 = CARTESIAN_POINT ( 'NONE',  ( -15.36548293577879498, -16.70952630061474764, -5.927415325031356375 ) ) ;
#1970 = EDGE_CURVE ( 'NONE', #851, #1684, #2726, .T. ) ;
#1971 = AXIS2_PLACEMENT_3D ( 'NONE', #2476, #2691, #925 ) ;
#1972 = ADVANCED_FACE ( 'NONE', ( #2040 ), #49, .F. ) ;
#1973 = ORIENTED_EDGE ( 'NONE', *, *, #1127, .F. ) ;
#1974 = ORIENTED_EDGE ( 'NONE', *, *, #557, .T. ) ;
#1975 = DIRECTION ( 'NONE',  ( -0.000000000000000000, 0.000000000000000000, 1.000000000000000000 ) ) ;
#1976 = CARTESIAN_POINT ( 'NONE',  ( 13.61180553784107161, -13.61180553784101299, -4.000000000000000000 ) ) ;
#1977 = PERSON_AND_ORGANIZATION ( #2575, #114 ) ;
#1978 = ORIENTED_EDGE ( 'NONE', *, *, #2106, .F. ) ;
#1979 = DIRECTION ( 'NONE',  ( 1.000000000000000000, 0.000000000000000000, 0.000000000000000000 ) ) ;
#1980 = ORIENTED_EDGE ( 'NONE', *, *, #281, .F. ) ;
#1981 = VERTEX_POINT ( 'NONE', #712 ) ;
#1982 = PLANE ( 'NONE',  #1070 ) ;
#1983 = CARTESIAN_POINT ( 'NONE',  ( 24.50000000000000711, 0.000000000000000000, -11.50000000000000000 ) ) ;
#1984 = LINE ( 'NONE', #1325, #1237 ) ;
#1985 = VERTEX_POINT ( 'NONE', #1998 ) ;
#1986 = CIRCLE ( 'NONE', #2458, 24.50000000000000711 ) ;
#1987 = ADVANCED_FACE ( 'NONE', ( #2245 ), #2272, .F. ) ;
#1988 = VERTEX_POINT ( 'NONE', #697 ) ;
#1989 = DIRECTION ( 'NONE',  ( 1.000000000000000000, -2.574492679385935349E-15, 0.000000000000000000 ) ) ;
#1990 = DIRECTION ( 'NONE',  ( 0.000000000000000000, 0.000000000000000000, 1.000000000000000000 ) ) ;
#1991 = LINE ( 'NONE', #882, #2435 ) ;
#1992 = DIRECTION ( 'NONE',  ( 1.000000000000000000, 0.000000000000000000, 0.000000000000000000 ) ) ;
#1993 = VECTOR ( 'NONE', #1694, 1000.000000000000000 ) ;
#1994 = DIRECTION ( 'NONE',  ( 1.000000000000000000, 0.000000000000000000, 0.000000000000000000 ) ) ;
#1995 = VERTEX_POINT ( 'NONE', #929 ) ;
#1996 = CARTESIAN_POINT ( 'NONE',  ( 14.86180553784101654, 13.61180553784106628, -2.000000000000000000 ) ) ;
#1997 = DIRECTION ( 'NONE',  ( 1.000000000000000000, 0.000000000000000000, 0.000000000000000000 ) ) ;
#1998 = CARTESIAN_POINT ( 'NONE',  ( -12.36180553784096681, 13.61180553784100944, -2.000000000000000000 ) ) ;
#1999 = CARTESIAN_POINT ( 'NONE',  ( 13.61180553784101299, 13.61180553784106628, -4.000000000000000000 ) ) ;
#2000 = AXIS2_PLACEMENT_3D ( 'NONE', #2276, #246, #474 ) ;
#2001 = AXIS2_PLACEMENT_3D ( 'NONE', #1935, #376, #2105 ) ;
#2002 = VERTEX_POINT ( 'NONE', #1560 ) ;
#2003 = VERTEX_POINT ( 'NONE', #1383 ) ;
#2004 = DIRECTION ( 'NONE',  ( 0.000000000000000000, -1.000000000000000000, 0.000000000000000000 ) ) ;
#2005 = DIRECTION ( 'NONE',  ( -0.000000000000000000, 0.000000000000000000, 1.000000000000000000 ) ) ;
#2006 = DIRECTION ( 'NONE',  ( 1.000000000000000000, 0.000000000000000000, 0.000000000000000000 ) ) ;
#2007 = EDGE_CURVE ( 'NONE', #68, #1835, #1821, .T. ) ;
#2008 = B_SPLINE_CURVE_WITH_KNOTS ( 'NONE', 3,
 ( #1294, #2879, #1529, #656, #444, #1068, #1969, #1085, #2441, #2218 ),
 .UNSPECIFIED., .F., .F.,
 ( 4, 2, 2, 2, 4 ),
 ( 1.734723475976807094E-18, 0.0003912669805864624835, 0.0007825339611729232323, 0.001173800941759387071, 0.001565067922345851018 ),
 .UNSPECIFIED. ) ;
#2009 = LINE ( 'NONE', #2239, #1218 ) ;
#2010 = ORIENTED_EDGE ( 'NONE', *, *, #1227, .T. ) ;
#2011 = DIRECTION ( 'NONE',  ( -0.000000000000000000, 0.000000000000000000, 1.000000000000000000 ) ) ;
#2012 = AXIS2_PLACEMENT_3D ( 'NONE', #1901, #2791, #1457 ) ;
#2013 = DIRECTION ( 'NONE',  ( -0.000000000000000000, 0.000000000000000000, 1.000000000000000000 ) ) ;
#2014 = VECTOR ( 'NONE', #2278, 1000.000000000000000 ) ;
#2015 = CARTESIAN_POINT ( 'NONE',  ( 0.000000000000000000, 0.000000000000000000, -2.000000000000000000 ) ) ;
#2016 = CC_DESIGN_SECURITY_CLASSIFICATION ( #1967, ( #1498 ) ) ;
#2017 = AXIS2_PLACEMENT_3D ( 'NONE', #58, #2, #922 ) ;
#2018 = VECTOR ( 'NONE', #1173, 1000.000000000000000 ) ;
#2019 = DIRECTION ( 'NONE',  ( 0.000000000000000000, 0.000000000000000000, 1.000000000000000000 ) ) ;
#2020 = FACE_OUTER_BOUND ( 'NONE', #533, .T. ) ;
#2021 = CARTESIAN_POINT ( 'NONE',  ( 0.000000000000000000, -16.25467321471739268, -4.000000000000000000 ) ) ;
#2022 = VECTOR ( 'NONE', #2508, 1000.000000000000000 ) ;
#2023 = CARTESIAN_POINT ( 'NONE',  ( -16.11180553784027580, -13.61180553784104319, -4.000000000000000000 ) ) ;
#2024 = LINE ( 'NONE', #2722, #1740 ) ;
#2025 = ADVANCED_FACE ( 'NONE', ( #2282 ), #2454, .F. ) ;
#2026 = EDGE_LOOP ( 'NONE', ( #363, #2445, #640, #1547 ) ) ;
#2027 = LINE ( 'NONE', #2736, #2469 ) ;
#2028 = DIRECTION ( 'NONE',  ( 1.000000000000000000, 0.000000000000000000, 0.000000000000000000 ) ) ;
#2029 = DIRECTION ( 'NONE',  ( 0.000000000000000000, 0.000000000000000000, 1.000000000000000000 ) ) ;
#2030 = DIRECTION ( 'NONE',  ( 0.000000000000000000, -1.000000000000000000, 0.000000000000000000 ) ) ;
#2031 = CARTESIAN_POINT ( 'NONE',  ( -13.61180553784106806, 13.61180553784100944, -2.000000000000000000 ) ) ;
#2032 = DIRECTION ( 'NONE',  ( 1.000000000000000000, 0.000000000000000000, 0.000000000000000000 ) ) ;
#2033 = DIRECTION ( 'NONE',  ( 1.000000000000000000, 0.000000000000000000, 0.000000000000000000 ) ) ;
#2034 = AXIS2_PLACEMENT_3D ( 'NONE', #1275, #1048, #2167 ) ;
#2035 = CARTESIAN_POINT ( 'NONE',  ( 15.84536521140326570, -16.25467321471739268, -4.000000000000000000 ) ) ;
#2036 = VERTEX_POINT ( 'NONE', #283 ) ;
#2037 = DIRECTION ( 'NONE',  ( -0.000000000000000000, 0.000000000000000000, 1.000000000000000000 ) ) ;
#2038 = ADVANCED_FACE ( 'NONE', ( #1157 ), #524, .T. ) ;
#2039 = DIRECTION ( 'NONE',  ( 1.000000000000000000, 0.000000000000000000, 0.000000000000000000 ) ) ;
#2040 = FACE_OUTER_BOUND ( 'NONE', #2118, .T. ) ;
#2041 = EDGE_CURVE ( 'NONE', #2612, #1878, #164, .T. ) ;
#2042 = DIRECTION ( 'NONE',  ( 0.000000000000000000, 0.000000000000000000, 1.000000000000000000 ) ) ;
#2043 = FACE_OUTER_BOUND ( 'NONE', #2123, .T. ) ;
#2044 = EDGE_CURVE ( 'NONE', #817, #107, #1186, .T. ) ;
#2045 = DIRECTION ( 'NONE',  ( -0.000000000000000000, 0.000000000000000000, 1.000000000000000000 ) ) ;
#2046 = AXIS2_PLACEMENT_3D ( 'NONE', #2215, #1099, #1041 ) ;
#2047 = AXIS2_PLACEMENT_3D ( 'NONE', #154, #1806, #532 ) ;
#2048 = FACE_BOUND ( 'NONE', #2197, .T. ) ;
#2049 = CIRCLE ( 'NONE', #218, 2.499999999999960476 ) ;
#2050 = CYLINDRICAL_SURFACE ( 'NONE', #1168, 2.500000000000031530 ) ;
#2051 = VERTEX_POINT ( 'NONE', #321 ) ;
#2052 = DIRECTION ( 'NONE',  ( 1.224646799147353207E-16, 1.000000000000000000, 0.000000000000000000 ) ) ;
#2053 = DIRECTION ( 'NONE',  ( 1.000000000000000000, 0.000000000000000000, 0.000000000000000000 ) ) ;
#2054 = ORIENTED_EDGE ( 'NONE', *, *, #1683, .T. ) ;
#2055 = CARTESIAN_POINT ( 'NONE',  ( -16.19312813533647955, 0.000000000000000000, -2.600000000000000089 ) ) ;
#2056 = AXIS2_PLACEMENT_3D ( 'NONE', #1299, #431, #176 ) ;
#2057 = FACE_OUTER_BOUND ( 'NONE', #1505, .T. ) ;
#2058 = ADVANCED_FACE ( 'NONE', ( #2564, #94 ), #136, .F. ) ;
#2059 = DIRECTION ( 'NONE',  ( 1.000000000000000000, 0.000000000000000000, 0.000000000000000000 ) ) ;
#2060 = AXIS2_PLACEMENT_3D ( 'NONE', #2453, #229, #1133 ) ;
#2061 = CIRCLE ( 'NONE', #22, 1.250000000000101696 ) ;
#2062 = ORIENTED_EDGE ( 'NONE', *, *, #121, .T. ) ;
#2063 = VECTOR ( 'NONE', #2519, 1000.000000000000000 ) ;
#2064 = ORIENTED_EDGE ( 'NONE', *, *, #464, .T. ) ;
#2065 = DIRECTION ( 'NONE',  ( 0.000000000000000000, 0.000000000000000000, 1.000000000000000000 ) ) ;
#2066 = DIRECTION ( 'NONE',  ( 1.000000000000000000, 0.000000000000000000, 0.000000000000000000 ) ) ;
#2067 = PLANE ( 'NONE',  #2291 ) ;
#2068 = ORIENTED_EDGE ( 'NONE', *, *, #1208, .F. ) ;
#2069 = AXIS2_PLACEMENT_3D ( 'NONE', #2315, #2729, #326 ) ;
#2070 = DIRECTION ( 'NONE',  ( 1.224646799147353207E-16, 1.000000000000000000, 0.000000000000000000 ) ) ;
#2071 = CARTESIAN_POINT ( 'NONE',  ( 0.000000000000000000, -17.26005550586760506, -4.000000000000000000 ) ) ;
#2072 = DIRECTION ( 'NONE',  ( -0.5773502691896275074, -0.5773502691896275074, -0.5773502691896221783 ) ) ;
#2073 = EDGE_CURVE ( 'NONE', #351, #2584, #2583, .T. ) ;
#2074 = VERTEX_POINT ( 'NONE', #1879 ) ;
#2075 = CARTESIAN_POINT ( 'NONE',  ( -9.530482940345283538, 0.000000000000000000, -2.600000000000000089 ) ) ;
#2076 = VECTOR ( 'NONE', #2567, 1000.000000000000000 ) ;
#2077 = ORIENTED_EDGE ( 'NONE', *, *, #1047, .F. ) ;
#2078 = LINE ( 'NONE', #2258, #466 ) ;
#2079 = FACE_OUTER_BOUND ( 'NONE', #1958, .T. ) ;
#2080 = DIRECTION ( 'NONE',  ( -0.000000000000000000, 0.000000000000000000, 1.000000000000000000 ) ) ;
#2081 = ORIENTED_EDGE ( 'NONE', *, *, #330, .T. ) ;
#2082 = LINE ( 'NONE', #1453, #540 ) ;
#2083 = CARTESIAN_POINT ( 'NONE',  ( -11.53048294034528531, 3.856064408783717479, -1.499999999999987566 ) ) ;
#2084 = DIRECTION ( 'NONE',  ( 1.000000000000000000, 0.000000000000000000, 0.000000000000000000 ) ) ;
#2085 = ORIENTED_EDGE ( 'NONE', *, *, #1396, .F. ) ;
#2086 = DIRECTION ( 'NONE',  ( 0.000000000000000000, 0.000000000000000000, 1.000000000000000000 ) ) ;
#2087 = VECTOR ( 'NONE', #2730, 1000.000000000000000 ) ;
#2088 = CIRCLE ( 'NONE', #371, 2.499999999999960476 ) ;
#2089 = EDGE_CURVE ( 'NONE', #137, #2837, #2781, .T. ) ;
#2090 = EDGE_LOOP ( 'NONE', ( #2566, #2681 ) ) ;
#2091 = DIRECTION ( 'NONE',  ( 0.000000000000000000, 0.000000000000000000, 1.000000000000000000 ) ) ;
#2092 = VERTEX_POINT ( 'NONE', #2343 ) ;
#2093 = DIRECTION ( 'NONE',  ( 0.000000000000000000, 0.000000000000000000, 1.000000000000000000 ) ) ;
#2094 = ORIENTED_EDGE ( 'NONE', *, *, #2414, .T. ) ;
#2095 = CARTESIAN_POINT ( 'NONE',  ( 0.000000000000000000, 3.856064408783717479, -2.600000000000000089 ) ) ;
#2096 = LINE ( 'NONE', #1412, #2587 ) ;
#2097 = DIRECTION ( 'NONE',  ( 2.256700978985438287E-16, -1.000000000000000000, 0.000000000000000000 ) ) ;
#2098 = ORIENTED_EDGE ( 'NONE', *, *, #541, .F. ) ;
#2099 = VECTOR ( 'NONE', #1913, 1000.000000000000000 ) ;
#2100 = CIRCLE ( 'NONE', #2523, 22.69999999999999929 ) ;
#2101 = CARTESIAN_POINT ( 'NONE',  ( -13.61180553784101299, -13.61180553784106451, 0.000000000000000000 ) ) ;
#2102 = APPROVAL_PERSON_ORGANIZATION ( #163, #2201, #2823 ) ;
#2103 = AXIS2_PLACEMENT_3D ( 'NONE', #2626, #2155, #815 ) ;
#2104 = ORIENTED_EDGE ( 'NONE', *, *, #1810, .T. ) ;
#2105 = DIRECTION ( 'NONE',  ( 1.000000000000000000, 0.000000000000000000, 0.000000000000000000 ) ) ;
#2106 = EDGE_CURVE ( 'NONE', #1006, #1663, #548, .T. ) ;
#2107 = EDGE_CURVE ( 'NONE', #2359, #733, #2153, .T. ) ;
#2108 = VERTEX_POINT ( 'NONE', #336 ) ;
#2109 = DIRECTION ( 'NONE',  ( 1.000000000000000000, 0.000000000000000000, 0.000000000000000000 ) ) ;
#2110 = EDGE_LOOP ( 'NONE', ( #2144, #838, #414, #2115 ) ) ;
#2111 = ORIENTED_EDGE ( 'NONE', *, *, #490, .F. ) ;
#2112 = DIRECTION ( 'NONE',  ( 0.000000000000000000, 0.000000000000000000, 1.000000000000000000 ) ) ;
#2113 = FACE_OUTER_BOUND ( 'NONE', #991, .T. ) ;
#2114 = DIRECTION ( 'NONE',  ( -0.000000000000000000, 0.000000000000000000, 1.000000000000000000 ) ) ;
#2115 = ORIENTED_EDGE ( 'NONE', *, *, #1425, .F. ) ;
#2116 = FACE_OUTER_BOUND ( 'NONE', #2831, .T. ) ;
#2117 = VECTOR ( 'NONE', #427, 1000.000000000000000 ) ;
#2118 = EDGE_LOOP ( 'NONE', ( #429, #862, #2723, #1751 ) ) ;
#2119 = LINE ( 'NONE', #1903, #2876 ) ;
#2120 = VERTEX_POINT ( 'NONE', #781 ) ;
#2121 = CARTESIAN_POINT ( 'NONE',  ( -8.530482940345283538, 2.356064408783718367, -4.000000000000000000 ) ) ;
#2122 = EDGE_LOOP ( 'NONE', ( #1158, #782, #612, #2874 ) ) ;
#2123 = EDGE_LOOP ( 'NONE', ( #1174, #1493, #1478, #2185 ) ) ;
#2124 = EDGE_CURVE ( 'NONE', #182, #1276, #2797, .T. ) ;
#2125 = CIRCLE ( 'NONE', #2880, 2.300000000000202771 ) ;
#2126 = LINE ( 'NONE', #2347, #228 ) ;
#2127 = LINE ( 'NONE', #2801, #1615 ) ;
#2128 = ADVANCED_FACE ( 'NONE', ( #754 ), #1201, .T. ) ;
#2129 = DIRECTION ( 'NONE',  ( -0.000000000000000000, 0.000000000000000000, 1.000000000000000000 ) ) ;
#2130 = ORIENTED_EDGE ( 'NONE', *, *, #598, .F. ) ;
#2131 = EDGE_CURVE ( 'NONE', #1462, #1584, #1627, .T. ) ;
#2132 = DIRECTION ( 'NONE',  ( 0.000000000000000000, -0.000000000000000000, -1.000000000000000000 ) ) ;
#2133 = CARTESIAN_POINT ( 'NONE',  ( -4.374452428089294465, -17.26005550586760506, -4.000000000000000000 ) ) ;
#2134 = CIRCLE ( 'NONE', #1467, 0.5000000000000000000 ) ;
#2135 = DIRECTION ( 'NONE',  ( 0.000000000000000000, -0.000000000000000000, 1.000000000000000000 ) ) ;
#2136 = ORIENTED_EDGE ( 'NONE', *, *, #810, .F. ) ;
#2137 = DIRECTION ( 'NONE',  ( -0.000000000000000000, 0.000000000000000000, 1.000000000000000000 ) ) ;
#2138 = ORIENTED_EDGE ( 'NONE', *, *, #1461, .T. ) ;
#2139 = ORIENTED_EDGE ( 'NONE', *, *, #1582, .F. ) ;
#2140 = LINE ( 'NONE', #1422, #86 ) ;
#2141 = CARTESIAN_POINT ( 'NONE',  ( -17.19312813533616691, 7.699999999999998401, -2.600000000000000089 ) ) ;
#2142 = DIRECTION ( 'NONE',  ( 1.000000000000000000, 0.000000000000000000, 0.000000000000000000 ) ) ;
#2143 = ADVANCED_FACE ( 'NONE', ( #967, #350 ), #2767, .F. ) ;
#2144 = ORIENTED_EDGE ( 'NONE', *, *, #702, .F. ) ;
#2145 = ADVANCED_FACE ( 'NONE', ( #1670 ), #952, .F. ) ;
#2146 = EDGE_LOOP ( 'NONE', ( #310, #926, #1028, #739 ) ) ;
#2147 = DIRECTION ( 'NONE',  ( -0.000000000000000000, -0.000000000000000000, 1.000000000000000000 ) ) ;
#2148 = CIRCLE ( 'NONE', #2522, 0.5000000000000000000 ) ;
#2149 = CARTESIAN_POINT ( 'NONE',  ( 10.81180553784091813, 13.61180553784106451, 0.000000000000000000 ) ) ;
#2150 = AXIS2_PLACEMENT_3D ( 'NONE', #2672, #26, #48 ) ;
#2151 = CARTESIAN_POINT ( 'NONE',  ( 13.61180553784144465, -13.61180553784025449, -2.000000000000000000 ) ) ;
#2152 = CIRCLE ( 'NONE', #2668, 2.300000000000031353 ) ;
#2153 = CIRCLE ( 'NONE', #757, 2.300000000000730349 ) ;
#2154 = EDGE_LOOP ( 'NONE', ( #1169, #2821, #1390, #1436 ) ) ;
#2155 = DIRECTION ( 'NONE',  ( -1.000000000000000000, 0.000000000000000000, 0.000000000000000000 ) ) ;
#2156 = ORIENTED_EDGE ( 'NONE', *, *, #2443, .F. ) ;
#2157 = ORIENTED_EDGE ( 'NONE', *, *, #2635, .T. ) ;
#2158 = CIRCLE ( 'NONE', #2532, 1.250000000000101696 ) ;
#2159 = LINE ( 'NONE', #1039, #1552 ) ;
#2160 = LINE ( 'NONE', #172, #1752 ) ;
#2161 = CARTESIAN_POINT ( 'NONE',  ( -14.86180553784116931, 13.61180553784100944, -2.000000000000000000 ) ) ;
#2162 = ORIENTED_EDGE ( 'NONE', *, *, #756, .T. ) ;
#2163 = ORIENTED_EDGE ( 'NONE', *, *, #1249, .T. ) ;
#2164 = FACE_OUTER_BOUND ( 'NONE', #1487, .T. ) ;
#2165 = ADVANCED_FACE ( 'NONE', ( #123 ), #1891, .T. ) ;
#2166 = COORDINATED_UNIVERSAL_TIME_OFFSET ( 8, 0, .AHEAD. ) ;
#2167 = DIRECTION ( 'NONE',  ( -1.000000000000000000, 0.000000000000000000, 0.000000000000000000 ) ) ;
#2168 = ORIENTED_EDGE ( 'NONE', *, *, #537, .T. ) ;
#2169 = DIRECTION ( 'NONE',  ( 0.000000000000000000, 0.000000000000000000, 1.000000000000000000 ) ) ;
#2170 = VERTEX_POINT ( 'NONE', #1463 ) ;
#2171 = ORIENTED_EDGE ( 'NONE', *, *, #2322, .F. ) ;
#2172 = CARTESIAN_POINT ( 'NONE',  ( 13.61180553784100589, 13.61180553784106451, -2.000000000000000000 ) ) ;
#2173 = AXIS2_PLACEMENT_3D ( 'NONE', #740, #1629, #969 ) ;
#2174 = DIRECTION ( 'NONE',  ( -0.000000000000000000, -0.000000000000000000, 1.000000000000000000 ) ) ;
#2175 = ORIENTED_EDGE ( 'NONE', *, *, #102, .T. ) ;
#2176 = ORIENTED_EDGE ( 'NONE', *, *, #1911, .F. ) ;
#2177 = CARTESIAN_POINT ( 'NONE',  ( -13.61180553784106806, 13.61180553784100944, -2.000000000000000000 ) ) ;
#2178 = DATE_AND_TIME ( #1031, #1635 ) ;
#2179 = ADVANCED_FACE ( 'NONE', ( #295 ), #2067, .T. ) ;
#2180 = EDGE_CURVE ( 'NONE', #1944, #694, #1419, .T. ) ;
#2181 = VERTEX_POINT ( 'NONE', #1408 ) ;
#2182 = DIRECTION ( 'NONE',  ( 2.256700978985438287E-16, -1.000000000000000000, 0.000000000000000000 ) ) ;
#2183 = EDGE_CURVE ( 'NONE', #2543, #743, #1509, .T. ) ;
#2184 = VERTEX_POINT ( 'NONE', #1290 ) ;
#2185 = ORIENTED_EDGE ( 'NONE', *, *, #2044, .T. ) ;
#2186 = CIRCLE ( 'NONE', #506, 2.500000000000000444 ) ;
#2187 = CARTESIAN_POINT ( 'NONE',  ( 16.11180553784106095, 13.61180553784106451, -2.600000000000000089 ) ) ;
#2188 = CARTESIAN_POINT ( 'NONE',  ( -11.53048294034528531, 6.200000000000000178, -1.499999999999987566 ) ) ;
#2189 = ORIENTED_EDGE ( 'NONE', *, *, #1660, .T. ) ;
#2190 = AXIS2_PLACEMENT_3D ( 'NONE', #2757, #1658, #1605 ) ;
#2191 = VERTEX_POINT ( 'NONE', #2405 ) ;
#2192 = CARTESIAN_POINT ( 'NONE',  ( -10.81180553784103893, 13.61180553784100944, -0.5000000000000000000 ) ) ;
#2193 = DIRECTION ( 'NONE',  ( 0.000000000000000000, 0.000000000000000000, 1.000000000000000000 ) ) ;
#2194 = AXIS2_PLACEMENT_3D ( 'NONE', #2556, #2335, #791 ) ;
#2195 = ORIENTED_EDGE ( 'NONE', *, *, #671, .T. ) ;
#2196 = CARTESIAN_POINT ( 'NONE',  ( -12.36180553784052805, -13.61180553784087799, -4.000000000000000000 ) ) ;
#2197 = EDGE_LOOP ( 'NONE', ( #1337, #2782, #2618, #891 ) ) ;
#2198 = AXIS2_PLACEMENT_3D ( 'NONE', #591, #375, #1393 ) ;
#2199 = AXIS2_PLACEMENT_3D ( 'NONE', #449, #661, #2033 ) ;
#2200 = ORIENTED_EDGE ( 'NONE', *, *, #827, .T. ) ;
#2201 = APPROVAL ( #1932, 'æœª' ) ;
#2202 = ADVANCED_FACE ( 'NONE', ( #1733 ), #168, .F. ) ;
#2203 = DIRECTION ( 'NONE',  ( -0.000000000000000000, 0.000000000000000000, 1.000000000000000000 ) ) ;
#2204 = CARTESIAN_POINT ( 'NONE',  ( 13.61180553784107161, -13.61180553784101299, -2.600000000000000089 ) ) ;
#2205 = DIRECTION ( 'NONE',  ( -0.000000000000000000, 0.000000000000000000, 1.000000000000000000 ) ) ;
#2206 = CIRCLE ( 'NONE', #1597, 2.300000000000202771 ) ;
#2207 = DIRECTION ( 'NONE',  ( 1.000000000000000000, 0.000000000000000000, 0.000000000000000000 ) ) ;
#2208 = ORIENTED_EDGE ( 'NONE', *, *, #631, .F. ) ;
#2209 = PLANE ( 'NONE',  #1919 ) ;
#2210 = DIRECTION ( 'NONE',  ( 1.000000000000000000, 0.000000000000000000, 0.000000000000000000 ) ) ;
#2211 = DIRECTION ( 'NONE',  ( 1.000000000000000000, 0.000000000000000000, 0.000000000000000000 ) ) ;
#2212 = ORIENTED_EDGE ( 'NONE', *, *, #2488, .T. ) ;
#2213 = CARTESIAN_POINT ( 'NONE',  ( -15.69312813533679041, 3.856064408783717479, -1.499999999999987566 ) ) ;
#2214 = EDGE_LOOP ( 'NONE', ( #1805, #1570 ) ) ;
#2215 = CARTESIAN_POINT ( 'NONE',  ( 0.000000000000000000, 0.000000000000000000, -1.499999999999999556 ) ) ;
#2216 = DIRECTION ( 'NONE',  ( -0.000000000000000000, 0.000000000000000000, 1.000000000000000000 ) ) ;
#2217 = PLANE ( 'NONE',  #983 ) ;
#2218 = CARTESIAN_POINT ( 'NONE',  ( -14.98092525644531214, -17.05467321471739339, -6.000000000000000000 ) ) ;
#2219 = EDGE_CURVE ( 'NONE', #1429, #2520, #1036, .T. ) ;
#2220 = ORIENTED_EDGE ( 'NONE', *, *, #578, .F. ) ;
#2221 = EDGE_CURVE ( 'NONE', #1511, #2768, #2671, .T. ) ;
#2222 = EDGE_LOOP ( 'NONE', ( #1974, #2317 ) ) ;
#2223 = CARTESIAN_POINT ( 'NONE',  ( 16.41180553784217366, -13.61180553784025449, 0.000000000000000000 ) ) ;
#2224 = DIRECTION ( 'NONE',  ( -0.000000000000000000, 0.000000000000000000, 1.000000000000000000 ) ) ;
#2225 = FACE_OUTER_BOUND ( 'NONE', #1131, .T. ) ;
#2226 = DIRECTION ( 'NONE',  ( 0.000000000000000000, 0.000000000000000000, 1.000000000000000000 ) ) ;
#2227 = EDGE_LOOP ( 'NONE', ( #2328, #2407 ) ) ;
#2228 = CARTESIAN_POINT ( 'NONE',  ( -13.61180553784101299, -13.61180553784106451, -2.000000000000000000 ) ) ;
#2229 = LINE ( 'NONE', #2480, #251 ) ;
#2230 = CARTESIAN_POINT ( 'NONE',  ( -15.69312813533679041, 6.200000000000000178, -2.600000000000000089 ) ) ;
#2231 = CIRCLE ( 'NONE', #1345, 2.300000000000086864 ) ;
#2232 = CIRCLE ( 'NONE', #552, 24.50000000000000711 ) ;
#2233 = DIRECTION ( 'NONE',  ( -0.000000000000000000, 0.000000000000000000, 1.000000000000000000 ) ) ;
#2234 = CARTESIAN_POINT ( 'NONE',  ( -17.36602069310387719, -17.26005550586760151, -1.253724124150853214 ) ) ;
#2235 = DIRECTION ( 'NONE',  ( 1.000000000000000000, 0.000000000000000000, 0.000000000000000000 ) ) ;
#2236 = LINE ( 'NONE', #2021, #964 ) ;
#2237 = EDGE_CURVE ( 'NONE', #1426, #1995, #1494, .T. ) ;
#2238 = CARTESIAN_POINT ( 'NONE',  ( 16.11180553784106095, 13.61180553784106451, -4.000000000000000000 ) ) ;
#2239 = CARTESIAN_POINT ( 'NONE',  ( -11.53048294034528531, 0.000000000000000000, -2.600000000000000089 ) ) ;
#2240 = ORIENTED_EDGE ( 'NONE', *, *, #702, .T. ) ;
#2241 = CARTESIAN_POINT ( 'NONE',  ( 0.000000000000000000, 0.000000000000000000, -4.000000000000000000 ) ) ;
#2242 = VECTOR ( 'NONE', #1014, 1000.000000000000000 ) ;
#2243 = FACE_OUTER_BOUND ( 'NONE', #731, .T. ) ;
#2244 = VECTOR ( 'NONE', #83, 1000.000000000000000 ) ;
#2245 = FACE_OUTER_BOUND ( 'NONE', #1098, .T. ) ;
#2246 = B_SPLINE_CURVE_WITH_KNOTS ( 'NONE', 3,
 ( #2460, #1533, #487, #2883, #688, #894, #235, #447, #473, #1373 ),
 .UNSPECIFIED., .F., .F.,
 ( 4, 2, 2, 2, 4 ),
 ( 0.000000000000000000, 0.0003886499068376091538, 0.0007772998136752183075, 0.001165949720512827461, 0.001554599627350436615 ),
 .UNSPECIFIED. ) ;
#2247 = AXIS2_PLACEMENT_3D ( 'NONE', #1360, #1139, #463 ) ;
#2248 = AXIS2_PLACEMENT_3D ( 'NONE', #1367, #45, #492 ) ;
#2249 = CARTESIAN_POINT ( 'NONE',  ( -8.530482940345283538, 7.699999999999998401, -2.600000000000000089 ) ) ;
#2250 = DIRECTION ( 'NONE',  ( 1.000000000000000000, 0.000000000000000000, 0.000000000000000000 ) ) ;
#2251 = DIRECTION ( 'NONE',  ( 1.000000000000000000, 0.000000000000000000, 0.000000000000000000 ) ) ;
#2252 = DIRECTION ( 'NONE',  ( 1.000000000000000000, 0.000000000000000000, 0.000000000000000000 ) ) ;
#2253 = EDGE_CURVE ( 'NONE', #1426, #807, #162, .T. ) ;
#2254 = EDGE_CURVE ( 'NONE', #822, #588, #651, .T. ) ;
#2255 = ADVANCED_FACE ( 'NONE', ( #1950 ), #408, .F. ) ;
#2256 = CARTESIAN_POINT ( 'NONE',  ( -13.61180553784106806, 13.61180553784100944, -4.000000000000000000 ) ) ;
#2257 = ORIENTED_EDGE ( 'NONE', *, *, #1232, .T. ) ;
#2258 = CARTESIAN_POINT ( 'NONE',  ( -0.000000000000000000, -17.26005550586760506, 0.000000000000000000 ) ) ;
#2259 = DIRECTION ( 'NONE',  ( 1.000000000000000000, 0.000000000000000000, 0.000000000000000000 ) ) ;
#2260 = DIRECTION ( 'NONE',  ( 1.000000000000000000, 0.000000000000000000, 0.000000000000000000 ) ) ;
#2261 = CARTESIAN_POINT ( 'NONE',  ( -9.530482940345283538, 3.356064408783718367, -4.000000000000000000 ) ) ;
#2262 = CARTESIAN_POINT ( 'NONE',  ( 13.61180553784100589, 13.61180553784106451, -4.000000000000000000 ) ) ;
#2263 = CARTESIAN_POINT ( 'NONE',  ( -9.530482940345283538, 6.699999999999998401, -4.000000000000000000 ) ) ;
#2264 = PLANE ( 'NONE',  #2199 ) ;
#2265 = EDGE_CURVE ( 'NONE', #2376, #1995, #69, .T. ) ;
#2266 = DIRECTION ( 'NONE',  ( -1.000000000000000000, 0.000000000000000000, -0.000000000000000000 ) ) ;
#2267 = ORIENTED_EDGE ( 'NONE', *, *, #961, .T. ) ;
#2268 = CARTESIAN_POINT ( 'NONE',  ( 10.81180553784091813, 13.61180553784106451, -0.5000000000000000000 ) ) ;
#2269 = EDGE_CURVE ( 'NONE', #2591, #1276, #2811, .T. ) ;
#2270 = DIRECTION ( 'NONE',  ( 0.000000000000000000, -0.000000000000000000, -1.000000000000000000 ) ) ;
#2271 = EDGE_CURVE ( 'NONE', #68, #1772, #2529, .T. ) ;
#2272 = CYLINDRICAL_SURFACE ( 'NONE', #1406, 1.250000000000297762 ) ;
#2273 = VERTEX_POINT ( 'NONE', #870 ) ;
#2274 = LINE ( 'NONE', #498, #517 ) ;
#2275 = DIRECTION ( 'NONE',  ( 0.000000000000000000, 0.000000000000000000, 1.000000000000000000 ) ) ;
#2276 = CARTESIAN_POINT ( 'NONE',  ( 13.61180553784107161, -13.61180553784101299, -4.000000000000000000 ) ) ;
#2277 = ORIENTED_EDGE ( 'NONE', *, *, #2237, .T. ) ;
#2278 = DIRECTION ( 'NONE',  ( -0.000000000000000000, -0.000000000000000000, 1.000000000000000000 ) ) ;
#2279 = VERTEX_POINT ( 'NONE', #1718 ) ;
#2280 = DIRECTION ( 'NONE',  ( -0.000000000000000000, 0.000000000000000000, 1.000000000000000000 ) ) ;
#2281 = PLANE ( 'NONE',  #800 ) ;
#2282 = FACE_OUTER_BOUND ( 'NONE', #458, .T. ) ;
#2283 = ORIENTED_EDGE ( 'NONE', *, *, #1032, .T. ) ;
#2284 = EDGE_CURVE ( 'NONE', #234, #2768, #2611, .T. ) ;
#2285 = AXIS2_PLACEMENT_3D ( 'NONE', #889, #672, #1542 ) ;
#2286 = CARTESIAN_POINT ( 'NONE',  ( 15.91180553784109186, 13.61180553784106451, -0.5000000000000000000 ) ) ;
#2287 = CARTESIAN_POINT ( 'NONE',  ( 0.000000000000000000, -17.26005550586760506, -4.000000000000000000 ) ) ;
#2288 = CYLINDRICAL_SURFACE ( 'NONE', #2840, 2.300000000000730349 ) ;
#2289 = AXIS2_PLACEMENT_3D ( 'NONE', #495, #2854, #2193 ) ;
#2290 = CIRCLE ( 'NONE', #2528, 23.69999999999999929 ) ;
#2291 = AXIS2_PLACEMENT_3D ( 'NONE', #1851, #520, #2739 ) ;
#2292 = ORIENTED_EDGE ( 'NONE', *, *, #1348, .T. ) ;
#2293 = VECTOR ( 'NONE', #2423, 1000.000000000000000 ) ;
#2294 = EDGE_LOOP ( 'NONE', ( #2845, #423, #1890, #1017 ) ) ;
#2295 = CARTESIAN_POINT ( 'NONE',  ( -24.50000000000000711, 3.000384657911016257E-15, -11.50000000000000000 ) ) ;
#2296 = DIRECTION ( 'NONE',  ( 0.000000000000000000, 0.000000000000000000, 1.000000000000000000 ) ) ;
#2297 = DIRECTION ( 'NONE',  ( 1.000000000000000000, 0.000000000000000000, 0.000000000000000000 ) ) ;
#2298 = ORIENTED_EDGE ( 'NONE', *, *, #1702, .T. ) ;
#2299 = VECTOR ( 'NONE', #847, 1000.000000000000000 ) ;
#2300 = DIRECTION ( 'NONE',  ( 1.000000000000000000, 0.000000000000000000, 0.000000000000000000 ) ) ;
#2301 = ADVANCED_FACE ( 'NONE', ( #1765, #1051 ), #1018, .F. ) ;
#2302 = DIRECTION ( 'NONE',  ( -1.000000000000000000, 0.000000000000000000, 0.000000000000000000 ) ) ;
#2303 = LINE ( 'NONE', #313, #51 ) ;
#2304 = ADVANCED_FACE ( 'NONE', ( #638 ), #1502, .T. ) ;
#2305 = ORIENTED_EDGE ( 'NONE', *, *, #1897, .T. ) ;
#2306 = DIRECTION ( 'NONE',  ( 1.000000000000000000, 0.000000000000000000, 0.000000000000000000 ) ) ;
#2307 = ADVANCED_FACE ( 'NONE', ( #1522 ), #420, .F. ) ;
#2308 = AXIS2_PLACEMENT_3D ( 'NONE', #2151, #1716, #1889 ) ;
#2309 = VERTEX_POINT ( 'NONE', #1242 ) ;
#2310 = CARTESIAN_POINT ( 'NONE',  ( 23.00000000000000711, 0.000000000000000000, 0.000000000000000000 ) ) ;
#2311 = EDGE_LOOP ( 'NONE', ( #167, #2098, #2613, #1504 ) ) ;
#2312 = CARTESIAN_POINT ( 'NONE',  ( -13.61180553784027580, -13.61180553784104319, -4.000000000000000000 ) ) ;
#2313 = ORIENTED_EDGE ( 'NONE', *, *, #1897, .F. ) ;
#2314 = DIRECTION ( 'NONE',  ( 0.000000000000000000, 0.000000000000000000, 1.000000000000000000 ) ) ;
#2315 = CARTESIAN_POINT ( 'NONE',  ( -8.530482940345283538, 0.000000000000000000, -4.000000000000000000 ) ) ;
#2316 = CARTESIAN_POINT ( 'NONE',  ( -11.53048294034528531, -14.99675905516700247, -4.000000000000000000 ) ) ;
#2317 = ORIENTED_EDGE ( 'NONE', *, *, #1798, .T. ) ;
#2318 = CYLINDRICAL_SURFACE ( 'NONE', #478, 23.69999999999999929 ) ;
#2319 = EDGE_CURVE ( 'NONE', #210, #493, #2814, .T. ) ;
#2320 = TOROIDAL_SURFACE ( 'NONE', #1108, 2.800000000000087308, 0.5000000000000000000 ) ;
#2321 = VECTOR ( 'NONE', #2506, 1000.000000000000000 ) ;
#2322 = EDGE_CURVE ( 'NONE', #2120, #1511, #1335, .T. ) ;
#2323 = ORIENTED_EDGE ( 'NONE', *, *, #199, .T. ) ;
#2324 = DIRECTION ( 'NONE',  ( 1.000000000000000000, 0.000000000000000000, 0.000000000000000000 ) ) ;
#2325 = VERTEX_POINT ( 'NONE', #2213 ) ;
#2326 = DIRECTION ( 'NONE',  ( 1.000000000000000000, 0.000000000000000000, 0.000000000000000000 ) ) ;
#2327 = ORIENTED_EDGE ( 'NONE', *, *, #880, .T. ) ;
#2328 = ORIENTED_EDGE ( 'NONE', *, *, #1948, .T. ) ;
#2329 = DIRECTION ( 'NONE',  ( 1.000000000000000000, 0.000000000000000000, 0.000000000000000000 ) ) ;
#2330 = LINE ( 'NONE', #382, #1376 ) ;
#2331 = ORIENTED_EDGE ( 'NONE', *, *, #2846, .F. ) ;
#2332 = AXIS2_PLACEMENT_3D ( 'NONE', #2762, #2807, #101 ) ;
#2333 = CIRCLE ( 'NONE', #1964, 23.69999999999999929 ) ;
#2334 = CLOSED_SHELL ( 'NONE', ( #2719, #998, #2771, #475, #1195, #347, #792, #1894, #649, #2307, #109, #2402, #2128, #1444, #686, #2616, #705, #916, #795, #811, #1987, #1795, #348, #2145, #635, #2788, #947, #2179, #995, #1392, #1643, #1088, #1881, #2301, #1972, #2143, #2827, #2785, #2202, #1662, #2871, #2456, #1162, #1049, #1342, #2255, #1301, #53, #247, #1194, #1744, #2417, #71, #217, #2058, #1593, #863, #2541, #2683, #416, #2025, #2847, #2824, #2769, #441, #37, #1561, #1536, #315, #2832, #1410, #156, #1065, #703, #1213, #903, #1791, #1917, #194, #491, #1518, #2038, #2304, #2809, #1030, #789, #2475, #845, #2165, #1626 ) ) ;
#2335 = DIRECTION ( 'NONE',  ( 0.000000000000000000, -0.000000000000000000, -1.000000000000000000 ) ) ;
#2336 = APPLICATION_CONTEXT ( 'configuration controlled 3d designs of mechanical parts and assemblies' ) ;
#2337 = AXIS2_PLACEMENT_3D ( 'NONE', #1096, #693, #1153 ) ;
#2338 = EDGE_CURVE ( 'NONE', #2279, #1758, #621, .T. ) ;
#2339 = ORIENTED_EDGE ( 'NONE', *, *, #1348, .F. ) ;
#2340 = FACE_OUTER_BOUND ( 'NONE', #212, .T. ) ;
#2341 = EDGE_CURVE ( 'NONE', #2584, #107, #885, .T. ) ;
#2342 = ORIENTED_EDGE ( 'NONE', *, *, #749, .T. ) ;
#2343 = CARTESIAN_POINT ( 'NONE',  ( -4.374452428089294465, -14.99675905516700070, -2.600000000000000089 ) ) ;
#2344 = EDGE_LOOP ( 'NONE', ( #1312, #1892, #2740, #2798 ) ) ;
#2345 = VERTEX_POINT ( 'NONE', #2680 ) ;
#2346 = EDGE_CURVE ( 'NONE', #595, #103, #2857, .T. ) ;
#2347 = CARTESIAN_POINT ( 'NONE',  ( -15.69312813533679041, 6.200000000000000178, -1.499999999999987566 ) ) ;
#2348 = DIRECTION ( 'NONE',  ( -0.000000000000000000, 0.000000000000000000, 1.000000000000000000 ) ) ;
#2349 = FACE_OUTER_BOUND ( 'NONE', #1007, .T. ) ;
#2350 = ORIENTED_EDGE ( 'NONE', *, *, #2041, .F. ) ;
#2351 = CARTESIAN_POINT ( 'NONE',  ( 0.000000000000000000, -16.25467321471739268, -4.000000000000000000 ) ) ;
#2352 = FACE_OUTER_BOUND ( 'NONE', #2222, .T. ) ;
#2353 = ORIENTED_EDGE ( 'NONE', *, *, #141, .T. ) ;
#2354 = CARTESIAN_POINT ( 'NONE',  ( -11.53048294034528531, -14.99675905516700247, -4.000000000000000000 ) ) ;
#2355 = AXIS2_PLACEMENT_3D ( 'NONE', #1895, #536, #2784 ) ;
#2356 = ORIENTED_EDGE ( 'NONE', *, *, #2579, .F. ) ;
#2357 = DIRECTION ( 'NONE',  ( -0.000000000000000000, -0.000000000000000000, 1.000000000000000000 ) ) ;
#2358 = ORIENTED_EDGE ( 'NONE', *, *, #1741, .F. ) ;
#2359 = VERTEX_POINT ( 'NONE', #679 ) ;
#2360 = EDGE_CURVE ( 'NONE', #1684, #2727, #1555, .T. ) ;
#2361 = EDGE_CURVE ( 'NONE', #2273, #107, #2024, .T. ) ;
#2362 = VECTOR ( 'NONE', #2396, 1000.000000000000000 ) ;
#2363 = DIRECTION ( 'NONE',  ( 1.000000000000000000, 1.776356839400250465E-15, 0.000000000000000000 ) ) ;
#2364 = FACE_OUTER_BOUND ( 'NONE', #2090, .T. ) ;
#2365 = CARTESIAN_POINT ( 'NONE',  ( 0.000000000000000000, 0.000000000000000000, -10.50000000000000000 ) ) ;
#2366 = EDGE_LOOP ( 'NONE', ( #157, #657, #290, #2652 ) ) ;
#2367 = ORIENTED_EDGE ( 'NONE', *, *, #2866, .F. ) ;
#2368 = FACE_OUTER_BOUND ( 'NONE', #639, .T. ) ;
#2369 = FACE_OUTER_BOUND ( 'NONE', #1261, .T. ) ;
#2370 = VECTOR ( 'NONE', #1138, 1000.000000000000000 ) ;
#2371 = AXIS2_PLACEMENT_3D ( 'NONE', #1338, #1485, #1711 ) ;
#2372 = PLANE ( 'NONE',  #736 ) ;
#2373 = VERTEX_POINT ( 'NONE', #2035 ) ;
#2374 = CARTESIAN_POINT ( 'NONE',  ( 0.000000000000000000, 0.000000000000000000, -2.600000000000000089 ) ) ;
#2375 = ORIENTED_EDGE ( 'NONE', *, *, #1680, .T. ) ;
#2376 = VERTEX_POINT ( 'NONE', #1569 ) ;
#2377 = FACE_OUTER_BOUND ( 'NONE', #2735, .T. ) ;
#2378 = CARTESIAN_POINT ( 'NONE',  ( -15.69312813533679041, 3.856064408783717479, -2.600000000000000089 ) ) ;
#2379 = DIRECTION ( 'NONE',  ( 1.000000000000000000, 0.000000000000000000, 0.000000000000000000 ) ) ;
#2380 = ORIENTED_EDGE ( 'NONE', *, *, #2596, .T. ) ;
#2381 = VERTEX_POINT ( 'NONE', #1817 ) ;
#2382 = DIRECTION ( 'NONE',  ( 0.000000000000000000, 0.000000000000000000, -1.000000000000000000 ) ) ;
#2383 = VECTOR ( 'NONE', #643, 1000.000000000000000 ) ;
#2384 =( NAMED_UNIT ( * ) SI_UNIT ( $, .STERADIAN. ) SOLID_ANGLE_UNIT ( ) );
#2385 = EDGE_CURVE ( 'NONE', #2184, #958, #239, .T. ) ;
#2386 = VECTOR ( 'NONE', #1586, 1000.000000000000000 ) ;
#2387 = CARTESIAN_POINT ( 'NONE',  ( 13.61180553784101299, 13.61180553784106628, -4.000000000000000000 ) ) ;
#2388 = CIRCLE ( 'NONE', #2017, 2.500000000000000444 ) ;
#2389 = AXIS2_PLACEMENT_3D ( 'NONE', #1905, #2536, #1689 ) ;
#2390 = ORIENTED_EDGE ( 'NONE', *, *, #541, .T. ) ;
#2391 = DIRECTION ( 'NONE',  ( 0.000000000000000000, 0.000000000000000000, 1.000000000000000000 ) ) ;
#2392 = ORIENTED_EDGE ( 'NONE', *, *, #1933, .F. ) ;
#2393 = ORIENTED_EDGE ( 'NONE', *, *, #233, .F. ) ;
#2394 = AXIS2_PLACEMENT_3D ( 'NONE', #67, #1339, #2297 ) ;
#2395 = LINE ( 'NONE', #613, #2293 ) ;
#2396 = DIRECTION ( 'NONE',  ( 0.000000000000000000, 0.000000000000000000, 1.000000000000000000 ) ) ;
#2397 = EDGE_CURVE ( 'NONE', #841, #822, #2009, .T. ) ;
#2398 = VERTEX_POINT ( 'NONE', #2491 ) ;
#2399 = ORIENTED_EDGE ( 'NONE', *, *, #559, .F. ) ;
#2400 = CYLINDRICAL_SURFACE ( 'NONE', #2056, 2.499999999999960476 ) ;
#2401 = EDGE_CURVE ( 'NONE', #2597, #1691, #2206, .T. ) ;
#2402 = ADVANCED_FACE ( 'NONE', ( #225 ), #1130, .T. ) ;
#2403 = APPROVAL_DATE_TIME ( #607, #719 ) ;
#2404 = VERTEX_POINT ( 'NONE', #2463 ) ;
#2405 = CARTESIAN_POINT ( 'NONE',  ( 21.83689538373071670, 6.200000000000000178, -9.500000000000000000 ) ) ;
#2406 = ORIENTED_EDGE ( 'NONE', *, *, #16, .T. ) ;
#2407 = ORIENTED_EDGE ( 'NONE', *, *, #2041, .T. ) ;
#2408 = LINE ( 'NONE', #1983, #2674 ) ;
#2409 = DIRECTION ( 'NONE',  ( 1.000000000000000000, 0.000000000000000000, 0.000000000000000000 ) ) ;
#2410 = EDGE_LOOP ( 'NONE', ( #1002, #1677, #830, #2605 ) ) ;
#2411 = VERTEX_POINT ( 'NONE', #1378 ) ;
#2412 = DIRECTION ( 'NONE',  ( 1.000000000000000000, 0.000000000000000000, 0.000000000000000000 ) ) ;
#2413 = MECHANICAL_CONTEXT ( 'NONE', #2336, 'mechanical' ) ;
#2414 = EDGE_CURVE ( 'NONE', #1995, #2376, #571, .T. ) ;
#2415 = EDGE_CURVE ( 'NONE', #1944, #1006, #2442, .T. ) ;
#2416 = ORIENTED_EDGE ( 'NONE', *, *, #2124, .F. ) ;
#2417 = ADVANCED_FACE ( 'NONE', ( #480 ), #2050, .T. ) ;
#2418 = DIRECTION ( 'NONE',  ( 1.000000000000000000, 0.000000000000000000, 0.000000000000000000 ) ) ;
#2419 = VERTEX_POINT ( 'NONE', #1142 ) ;
#2420 = ORIENTED_EDGE ( 'NONE', *, *, #732, .F. ) ;
#2421 = VECTOR ( 'NONE', #653, 1000.000000000000000 ) ;
#2422 = CARTESIAN_POINT ( 'NONE',  ( -17.04075168064092693, -14.99675905516700070, -2.600000000000000089 ) ) ;
#2423 = DIRECTION ( 'NONE',  ( 0.000000000000000000, 0.000000000000000000, 1.000000000000000000 ) ) ;
#2424 = LINE ( 'NONE', #412, #2117 ) ;
#2425 = ORIENTED_EDGE ( 'NONE', *, *, #2431, .F. ) ;
#2426 = AXIS2_PLACEMENT_3D ( 'NONE', #1619, #1438, #499 ) ;
#2427 = ORIENTED_EDGE ( 'NONE', *, *, #2415, .F. ) ;
#2428 = CYLINDRICAL_SURFACE ( 'NONE', #1546, 2.300000000000031353 ) ;
#2429 = DIRECTION ( 'NONE',  ( -0.000000000000000000, 0.000000000000000000, 1.000000000000000000 ) ) ;
#2430 = APPROVAL_ROLE ( '' ) ;
#2431 = EDGE_CURVE ( 'NONE', #2381, #377, #2705, .T. ) ;
#2432 = ORIENTED_EDGE ( 'NONE', *, *, #2718, .T. ) ;
#2433 = DIRECTION ( 'NONE',  ( 0.000000000000000000, 0.000000000000000000, 1.000000000000000000 ) ) ;
#2434 = AXIS2_PLACEMENT_3D ( 'NONE', #750, #1254, #2066 ) ;
#2435 = VECTOR ( 'NONE', #1775, 1000.000000000000000 ) ;
#2436 = ORIENTED_EDGE ( 'NONE', *, *, #2471, .T. ) ;
#2437 = FACE_BOUND ( 'NONE', #1340, .T. ) ;
#2438 = EDGE_CURVE ( 'NONE', #564, #2273, #60, .T. ) ;
#2439 = DIRECTION ( 'NONE',  ( 1.224646799147353207E-16, 1.000000000000000000, 0.000000000000000000 ) ) ;
#2440 = CARTESIAN_POINT ( 'NONE',  ( -11.53048294034528531, 6.200000000000000178, -1.499999999999987566 ) ) ;
#2441 = CARTESIAN_POINT ( 'NONE',  ( -15.07964851198370404, -16.96795412642566347, -5.999999999999999112 ) ) ;
#2442 = CIRCLE ( 'NONE', #2337, 2.499999999999960476 ) ;
#2443 = EDGE_CURVE ( 'NONE', #2768, #2706, #1548, .T. ) ;
#2444 = ORIENTED_EDGE ( 'NONE', *, *, #685, .T. ) ;
#2445 = ORIENTED_EDGE ( 'NONE', *, *, #1575, .F. ) ;
#2446 = CYLINDRICAL_SURFACE ( 'NONE', #2711, 2.500000000000054179 ) ;
#2447 = CARTESIAN_POINT ( 'NONE',  ( -11.53048294034475774, -14.99675905516735419, -2.600000000000000089 ) ) ;
#2448 = PLANE ( 'NONE',  #1167 ) ;
#2449 = AXIS2_PLACEMENT_3D ( 'NONE', #341, #140, #1248 ) ;
#2450 = CARTESIAN_POINT ( 'NONE',  ( 12.36180553784100766, 13.61180553784106628, -4.000000000000000000 ) ) ;
#2451 = VERTEX_POINT ( 'NONE', #6 ) ;
#2452 = CARTESIAN_POINT ( 'NONE',  ( -13.61180553784027580, -13.61180553784104319, -2.600000000000000089 ) ) ;
#2453 = CARTESIAN_POINT ( 'NONE',  ( 0.000000000000000000, 7.699999999999998401, -4.000000000000000000 ) ) ;
#2454 = PLANE ( 'NONE',  #1026 ) ;
#2455 = EDGE_CURVE ( 'NONE', #2309, #1525, #1778, .T. ) ;
#2456 = ADVANCED_FACE ( 'NONE', ( #1611 ), #2503, .T. ) ;
#2457 = ORIENTED_EDGE ( 'NONE', *, *, #1824, .T. ) ;
#2458 = AXIS2_PLACEMENT_3D ( 'NONE', #759, #1644, #2363 ) ;
#2459 = CARTESIAN_POINT ( 'NONE',  ( -13.61180553784106806, 13.61180553784100944, -4.000000000000000000 ) ) ;
#2460 = CARTESIAN_POINT ( 'NONE',  ( 14.98092525644531214, -17.05467321471739339, -6.000000000000000000 ) ) ;
#2461 = LINE ( 'NONE', #1164, #192 ) ;
#2462 = DIRECTION ( 'NONE',  ( 0.000000000000000000, 0.000000000000000000, 1.000000000000000000 ) ) ;
#2463 = CARTESIAN_POINT ( 'NONE',  ( -4.374452428089294465, -17.26005550586760506, -4.000000000000000000 ) ) ;
#2464 = ORIENTED_EDGE ( 'NONE', *, *, #543, .F. ) ;
#2465 = DIRECTION ( 'NONE',  ( -0.000000000000000000, 0.000000000000000000, 1.000000000000000000 ) ) ;
#2466 = DIRECTION ( 'NONE',  ( 1.000000000000000000, 0.000000000000000000, 0.000000000000000000 ) ) ;
#2467 = CARTESIAN_POINT ( 'NONE',  ( 0.000000000000000000, 0.000000000000000000, -11.50000000000000000 ) ) ;
#2468 = VECTOR ( 'NONE', #2745, 1000.000000000000000 ) ;
#2469 = VECTOR ( 'NONE', #2065, 1000.000000000000000 ) ;
#2470 = FACE_OUTER_BOUND ( 'NONE', #372, .T. ) ;
#2471 = EDGE_CURVE ( 'NONE', #1584, #2660, #18, .T. ) ;
#2472 = FACE_OUTER_BOUND ( 'NONE', #1861, .T. ) ;
#2473 = DIRECTION ( 'NONE',  ( 0.000000000000000000, -0.000000000000000000, -1.000000000000000000 ) ) ;
#2474 = LINE ( 'NONE', #936, #435 ) ;
#2475 = ADVANCED_FACE ( 'NONE', ( #2470 ), #933, .T. ) ;
#2476 = CARTESIAN_POINT ( 'NONE',  ( -13.61180553784082470, -13.61180553784087799, -2.000000000000000000 ) ) ;
#2477 = ORIENTED_EDGE ( 'NONE', *, *, #720, .T. ) ;
#2478 = CARTESIAN_POINT ( 'NONE',  ( 13.61180553784101299, 13.61180553784106628, -4.000000000000000000 ) ) ;
#2479 = AXIS2_PLACEMENT_3D ( 'NONE', #1239, #573, #2306 ) ;
#2480 = CARTESIAN_POINT ( 'NONE',  ( -16.19312813533647955, 0.000000000000000000, -4.000000000000000000 ) ) ;
#2481 = VECTOR ( 'NONE', #2466, 1000.000000000000000 ) ;
#2482 = CARTESIAN_POINT ( 'NONE',  ( -4.374452428089294465, 0.000000000000000000, -2.600000000000000089 ) ) ;
#2483 = VECTOR ( 'NONE', #1112, 1000.000000000000000 ) ;
#2484 = DIRECTION ( 'NONE',  ( -1.000000000000000000, 1.224646799147351975E-16, 0.000000000000000000 ) ) ;
#2485 = DIRECTION ( 'NONE',  ( -0.000000000000000000, -0.000000000000000000, 1.000000000000000000 ) ) ;
#2486 = FACE_OUTER_BOUND ( 'NONE', #887, .T. ) ;
#2487 = AXIS2_PLACEMENT_3D ( 'NONE', #259, #484, #2260 ) ;
#2488 = EDGE_CURVE ( 'NONE', #514, #560, #1428, .T. ) ;
#2489 = CYLINDRICAL_SURFACE ( 'NONE', #159, 2.499999999999960476 ) ;
#2490 = EDGE_CURVE ( 'NONE', #2727, #198, #244, .T. ) ;
#2491 = CARTESIAN_POINT ( 'NONE',  ( 23.70253151036826011, 6.200000000000000178, -9.500000000000000000 ) ) ;
#2492 = ORIENTED_EDGE ( 'NONE', *, *, #2649, .T. ) ;
#2493 = CARTESIAN_POINT ( 'NONE',  ( 16.16472589587725750, -17.26005550586760506, -0.1359526347587433626 ) ) ;
#2494 = PLANE ( 'NONE',  #2289 ) ;
#2495 = DIRECTION ( 'NONE',  ( 0.000000000000000000, -0.000000000000000000, -1.000000000000000000 ) ) ;
#2496 = ORIENTED_EDGE ( 'NONE', *, *, #2124, .T. ) ;
#2497 = DIRECTION ( 'NONE',  ( 1.000000000000000000, 0.000000000000000000, 0.000000000000000000 ) ) ;
#2498 = DIRECTION ( 'NONE',  ( 1.000000000000000000, 0.000000000000000000, 0.000000000000000000 ) ) ;
#2499 = DIRECTION ( 'NONE',  ( 1.000000000000000000, -2.574492679385935349E-15, 0.000000000000000000 ) ) ;
#2500 = DIRECTION ( 'NONE',  ( -0.000000000000000000, 0.000000000000000000, 1.000000000000000000 ) ) ;
#2501 = VECTOR ( 'NONE', #2818, 1000.000000000000000 ) ;
#2502 = VECTOR ( 'NONE', #1909, 1000.000000000000000 ) ;
#2503 = PLANE ( 'NONE',  #748 ) ;
#2504 = EDGE_CURVE ( 'NONE', #1981, #170, #472, .T. ) ;
#2505 = ORIENTED_EDGE ( 'NONE', *, *, #1365, .T. ) ;
#2506 = DIRECTION ( 'NONE',  ( 0.000000000000000000, 0.000000000000000000, 1.000000000000000000 ) ) ;
#2507 = PLANE ( 'NONE',  #434 ) ;
#2508 = DIRECTION ( 'NONE',  ( 0.000000000000000000, 0.000000000000000000, 1.000000000000000000 ) ) ;
#2509 = ORIENTED_EDGE ( 'NONE', *, *, #1288, .T. ) ;
#2510 = CARTESIAN_POINT ( 'NONE',  ( 23.69999999999999929, 0.000000000000000000, -11.50000000000000000 ) ) ;
#2511 = CIRCLE ( 'NONE', #1579, 23.00000000000000711 ) ;
#2512 = AXIS2_PLACEMENT_3D ( 'NONE', #1184, #307, #1381 ) ;
#2513 = CARTESIAN_POINT ( 'NONE',  ( 3.384320084140410341E-15, -14.99675905516699892, -4.000000000000000000 ) ) ;
#2514 = DIRECTION ( 'NONE',  ( -0.000000000000000000, 0.000000000000000000, 1.000000000000000000 ) ) ;
#2515 = ORIENTED_EDGE ( 'NONE', *, *, #1425, .T. ) ;
#2516 = ORIENTED_EDGE ( 'NONE', *, *, #1645, .T. ) ;
#2517 = CARTESIAN_POINT ( 'NONE',  ( 16.39380897543127347, -17.26005550586760506, -0.2196428146347888799 ) ) ;
#2518 = DIRECTION ( 'NONE',  ( -0.000000000000000000, 0.000000000000000000, 1.000000000000000000 ) ) ;
#2519 = DIRECTION ( 'NONE',  ( 0.000000000000000000, 0.000000000000000000, 1.000000000000000000 ) ) ;
#2520 = VERTEX_POINT ( 'NONE', #2261 ) ;
#2521 = EDGE_CURVE ( 'NONE', #1981, #1556, #2333, .T. ) ;
#2522 = AXIS2_PLACEMENT_3D ( 'NONE', #2192, #1075, #2869 ) ;
#2523 = AXIS2_PLACEMENT_3D ( 'NONE', #683, #1807, #873 ) ;
#2524 = PLANE ( 'NONE',  #2545 ) ;
#2525 = LINE ( 'NONE', #2513, #674 ) ;
#2526 = LINE ( 'NONE', #1010, #1296 ) ;
#2527 =( GEOMETRIC_REPRESENTATION_CONTEXT ( 3 ) GLOBAL_UNCERTAINTY_ASSIGNED_CONTEXT ( ( #59 ) ) GLOBAL_UNIT_ASSIGNED_CONTEXT ( ( #825, #191, #2384 ) ) REPRESENTATION_CONTEXT ( 'NONE', 'WORKASPACE' ) );
#2528 = AXIS2_PLACEMENT_3D ( 'NONE', #1330, #1356, #2250 ) ;
#2529 = CIRCLE ( 'NONE', #1316, 2.500000000000054179 ) ;
#2530 = EDGE_LOOP ( 'NONE', ( #2444, #708 ) ) ;
#2531 = CARTESIAN_POINT ( 'NONE',  ( 0.000000000000000000, -17.05467321471739339, -5.200000000000000178 ) ) ;
#2532 = AXIS2_PLACEMENT_3D ( 'NONE', #1280, #859, #1054 ) ;
#2533 = VERTEX_POINT ( 'NONE', #274 ) ;
#2534 = CARTESIAN_POINT ( 'NONE',  ( 17.38794076175697612, -17.26005550586760506, -1.252696636408266118 ) ) ;
#2535 = ORIENTED_EDGE ( 'NONE', *, *, #1574, .T. ) ;
#2536 = DIRECTION ( 'NONE',  ( -0.7071067811865442421, 0.000000000000000000, 0.7071067811865509034 ) ) ;
#2537 = VERTEX_POINT ( 'NONE', #1799 ) ;
#2538 = EDGE_CURVE ( 'NONE', #2170, #2780, #1870, .T. ) ;
#2539 = DIRECTION ( 'NONE',  ( -0.000000000000000000, 0.000000000000000000, 1.000000000000000000 ) ) ;
#2540 = DIRECTION ( 'NONE',  ( 0.000000000000000000, -0.000000000000000000, 1.000000000000000000 ) ) ;
#2541 = ADVANCED_FACE ( 'NONE', ( #687 ), #728, .T. ) ;
#2542 = LINE ( 'NONE', #774, #603 ) ;
#2543 = VERTEX_POINT ( 'NONE', #1618 ) ;
#2544 = DIRECTION ( 'NONE',  ( 1.000000000000000000, 0.000000000000000000, 0.000000000000000000 ) ) ;
#2545 = AXIS2_PLACEMENT_3D ( 'NONE', #2095, #2586, #1411 ) ;
#2546 = ORIENTED_EDGE ( 'NONE', *, *, #1176, .F. ) ;
#2547 = DIRECTION ( 'NONE',  ( -0.000000000000000000, 0.000000000000000000, 1.000000000000000000 ) ) ;
#2548 = ORIENTED_EDGE ( 'NONE', *, *, #2271, .T. ) ;
#2549 = CARTESIAN_POINT ( 'NONE',  ( 13.61180553784144465, -13.61180553784025449, -2.000000000000000000 ) ) ;
#2550 = ORIENTED_EDGE ( 'NONE', *, *, #2360, .T. ) ;
#2551 = DIRECTION ( 'NONE',  ( -0.000000000000000000, -0.000000000000000000, 1.000000000000000000 ) ) ;
#2552 = CARTESIAN_POINT ( 'NONE',  ( 0.000000000000000000, 0.000000000000000000, -1.499999999999999556 ) ) ;
#2553 = CARTESIAN_POINT ( 'NONE',  ( 13.61180553784144465, -13.61180553784025449, -0.5000000000000000000 ) ) ;
#2554 = EDGE_CURVE ( 'NONE', #2451, #1985, #2274, .T. ) ;
#2555 = ORIENTED_EDGE ( 'NONE', *, *, #199, .F. ) ;
#2556 = CARTESIAN_POINT ( 'NONE',  ( 0.000000000000000000, 0.000000000000000000, -1.499999999999999556 ) ) ;
#2557 = AXIS2_PLACEMENT_3D ( 'NONE', #327, #99, #142 ) ;
#2558 = VECTOR ( 'NONE', #914, 1000.000000000000000 ) ;
#2559 = EDGE_CURVE ( 'NONE', #493, #1924, #1385, .T. ) ;
#2560 = ORIENTED_EDGE ( 'NONE', *, *, #161, .T. ) ;
#2561 = LINE ( 'NONE', #1016, #2792 ) ;
#2562 = TOROIDAL_SURFACE ( 'NONE', #2426, 23.00000000000000711, 1.500000000000000000 ) ;
#2563 = ORIENTED_EDGE ( 'NONE', *, *, #1488, .F. ) ;
#2564 = FACE_BOUND ( 'NONE', #949, .T. ) ;
#2565 = ORIENTED_EDGE ( 'NONE', *, *, #1777, .F. ) ;
#2566 = ORIENTED_EDGE ( 'NONE', *, *, #1966, .T. ) ;
#2567 = DIRECTION ( 'NONE',  ( 1.000000000000000000, 0.000000000000000000, 0.000000000000000000 ) ) ;
#2568 = CARTESIAN_POINT ( 'NONE',  ( -0.000000000000000000, 3.856064408783717479, -2.600000000000000089 ) ) ;
#2569 = DIRECTION ( 'NONE',  ( 1.000000000000000000, 0.000000000000000000, 0.000000000000000000 ) ) ;
#2570 = ORIENTED_EDGE ( 'NONE', *, *, #583, .T. ) ;
#2571 = AXIS2_PLACEMENT_3D ( 'NONE', #867, #1029, #1506 ) ;
#2572 = TOROIDAL_SURFACE ( 'NONE', #2710, 2.800000000000731237, 0.5000000000000000000 ) ;
#2573 = VECTOR ( 'NONE', #1123, 1000.000000000000000 ) ;
#2574 = DIRECTION ( 'NONE',  ( 0.000000000000000000, -1.000000000000000000, 0.000000000000000000 ) ) ;
#2575 = PERSON ( 'æœª', 'æœª', 'æœª', ('æœª'), ('æœª'), ('æœª') ) ;
#2576 = DIRECTION ( 'NONE',  ( 0.000000000000000000, 0.000000000000000000, 1.000000000000000000 ) ) ;
#2577 = PRODUCT_DEFINITION ( 'æœ', '', #1498, #1596 ) ;
#2578 = VECTOR ( 'NONE', #2169, 1000.000000000000000 ) ;
#2579 = EDGE_CURVE ( 'NONE', #2419, #2637, #511, .T. ) ;
#2580 = VERTEX_POINT ( 'NONE', #1354 ) ;
#2581 = CARTESIAN_POINT ( 'NONE',  ( -13.61180553784027580, -13.61180553784104319, -4.000000000000000000 ) ) ;
#2582 = VERTEX_POINT ( 'NONE', #944 ) ;
#2583 = LINE ( 'NONE', #2752, #436 ) ;
#2584 = VERTEX_POINT ( 'NONE', #2249 ) ;
#2585 = ORIENTED_EDGE ( 'NONE', *, *, #771, .F. ) ;
#2586 = DIRECTION ( 'NONE',  ( 0.000000000000000000, -1.000000000000000000, 0.000000000000000000 ) ) ;
#2587 = VECTOR ( 'NONE', #1190, 1000.000000000000000 ) ;
#2588 = CARTESIAN_POINT ( 'NONE',  ( 0.000000000000000000, 0.000000000000000000, -10.50000000000000000 ) ) ;
#2589 = CARTESIAN_POINT ( 'NONE',  ( 11.31180553784091813, 13.61180553784106451, -0.5000000000000000000 ) ) ;
#2590 = EDGE_LOOP ( 'NONE', ( #1321, #269, #220, #1238 ) ) ;
#2591 = VERTEX_POINT ( 'NONE', #2286 ) ;
#2592 = CARTESIAN_POINT ( 'NONE',  ( 0.000000000000000000, -16.25467321471739268, -5.200000000000000178 ) ) ;
#2593 = CARTESIAN_POINT ( 'NONE',  ( -4.374452428089294465, 0.000000000000000000, 0.000000000000000000 ) ) ;
#2594 = CARTESIAN_POINT ( 'NONE',  ( 0.000000000000000000, 0.000000000000000000, -2.600000000000000089 ) ) ;
#2595 = AXIS2_PLACEMENT_3D ( 'NONE', #2387, #1197, #1875 ) ;
#2596 = EDGE_CURVE ( 'NONE', #2345, #1540, #2728, .T. ) ;
#2597 = VERTEX_POINT ( 'NONE', #955 ) ;
#2598 = DIRECTION ( 'NONE',  ( 1.000000000000000000, 0.000000000000000000, 0.000000000000000000 ) ) ;
#2599 = ORIENTED_EDGE ( 'NONE', *, *, #457, .F. ) ;
#2600 = ORIENTED_EDGE ( 'NONE', *, *, #886, .F. ) ;
#2601 = CARTESIAN_POINT ( 'NONE',  ( 0.000000000000000000, -14.99675905516700070, -2.600000000000000089 ) ) ;
#2602 = LINE ( 'NONE', #2568, #501 ) ;
#2603 = LINE ( 'NONE', #804, #604 ) ;
#2604 = ORIENTED_EDGE ( 'NONE', *, *, #930, .F. ) ;
#2605 = ORIENTED_EDGE ( 'NONE', *, *, #1900, .F. ) ;
#2606 = DIRECTION ( 'NONE',  ( -1.000000000000000000, 0.000000000000000000, 0.000000000000000000 ) ) ;
#2607 = AXIS2_PLACEMENT_3D ( 'NONE', #2689, #2224, #2032 ) ;
#2608 = VECTOR ( 'NONE', #2693, 1000.000000000000000 ) ;
#2609 = DIRECTION ( 'NONE',  ( -0.000000000000000000, 0.000000000000000000, 1.000000000000000000 ) ) ;
#2610 = ORIENTED_EDGE ( 'NONE', *, *, #1833, .T. ) ;
#2611 = LINE ( 'NONE', #1303, #1873 ) ;
#2612 = VERTEX_POINT ( 'NONE', #1853 ) ;
#2613 = ORIENTED_EDGE ( 'NONE', *, *, #1520, .T. ) ;
#2614 = DIRECTION ( 'NONE',  ( -0.000000000000000000, -0.000000000000000000, 1.000000000000000000 ) ) ;
#2615 = DIRECTION ( 'NONE',  ( 1.224646799147353207E-16, 1.000000000000000000, 0.000000000000000000 ) ) ;
#2616 = ADVANCED_FACE ( 'NONE', ( #676 ), #1563, .T. ) ;
#2617 = ORIENTED_EDGE ( 'NONE', *, *, #848, .T. ) ;
#2618 = ORIENTED_EDGE ( 'NONE', *, *, #583, .F. ) ;
#2619 = CYLINDRICAL_SURFACE ( 'NONE', #250, 2.300000000000031353 ) ;
#2620 = AXIS2_PLACEMENT_3D ( 'NONE', #2101, #1182, #973 ) ;
#2621 = PERSON_AND_ORGANIZATION_ROLE ( 'creator' ) ;
#2622 = VECTOR ( 'NONE', #54, 1000.000000000000000 ) ;
#2623 = AXIS2_PLACEMENT_3D ( 'NONE', #1375, #2500, #2211 ) ;
#2624 = AXIS2_PLACEMENT_3D ( 'NONE', #1598, #2666, #668 ) ;
#2625 = ORIENTED_EDGE ( 'NONE', *, *, #1141, .T. ) ;
#2626 = CARTESIAN_POINT ( 'NONE',  ( -15.69312813533679041, 0.000000000000000000, -2.600000000000000089 ) ) ;
#2627 = ORIENTED_EDGE ( 'NONE', *, *, #2265, .F. ) ;
#2628 = ORIENTED_EDGE ( 'NONE', *, *, #2265, .T. ) ;
#2629 = AXIS2_PLACEMENT_3D ( 'NONE', #1808, #272, #1784 ) ;
#2630 = FACE_OUTER_BOUND ( 'NONE', #2122, .T. ) ;
#2631 = DIRECTION ( 'NONE',  ( 1.000000000000000000, 0.000000000000000000, 0.000000000000000000 ) ) ;
#2632 = ORIENTED_EDGE ( 'NONE', *, *, #2443, .T. ) ;
#2633 = VERTEX_POINT ( 'NONE', #1100 ) ;
#2634 = CYLINDRICAL_SURFACE ( 'NONE', #63, 22.69999999999999929 ) ;
#2635 = EDGE_CURVE ( 'NONE', #1688, #234, #976, .T. ) ;
#2636 = AXIS2_PLACEMENT_3D ( 'NONE', #2588, #367, #630 ) ;
#2637 = VERTEX_POINT ( 'NONE', #1782 ) ;
#2638 = DIRECTION ( 'NONE',  ( 1.000000000000000000, 0.000000000000000000, 0.000000000000000000 ) ) ;
#2639 = ORIENTED_EDGE ( 'NONE', *, *, #2488, .F. ) ;
#2640 = ORIENTED_EDGE ( 'NONE', *, *, #2360, .F. ) ;
#2641 = DIRECTION ( 'NONE',  ( -0.000000000000000000, -0.000000000000000000, -1.000000000000000000 ) ) ;
#2642 = LINE ( 'NONE', #2440, #406 ) ;
#2643 = LINE ( 'NONE', #1769, #864 ) ;
#2644 = ORIENTED_EDGE ( 'NONE', *, *, #1558, .F. ) ;
#2645 = ORIENTED_EDGE ( 'NONE', *, *, #1363, .T. ) ;
#2646 = CARTESIAN_POINT ( 'NONE',  ( -10.03048294034528531, 3.856064408783717479, 0.000000000000000000 ) ) ;
#2647 = DIRECTION ( 'NONE',  ( 0.7071067811865442421, -0.000000000000000000, 0.7071067811865509034 ) ) ;
#2648 = EDGE_CURVE ( 'NONE', #1671, #844, #2229, .T. ) ;
#2649 = EDGE_CURVE ( 'NONE', #2780, #2170, #1402, .T. ) ;
#2650 = ORIENTED_EDGE ( 'NONE', *, *, #330, .F. ) ;
#2651 = CARTESIAN_POINT ( 'NONE',  ( 13.61180553784144465, -13.61180553784025449, -2.000000000000000000 ) ) ;
#2652 = ORIENTED_EDGE ( 'NONE', *, *, #1660, .F. ) ;
#2653 = LINE ( 'NONE', #1943, #193 ) ;
#2654 = B_SPLINE_CURVE_WITH_KNOTS ( 'NONE', 3,
 ( #950, #2534, #1848, #734, #1613, #2517, #2493, #927, #494, #319 ),
 .UNSPECIFIED., .F., .F.,
 ( 4, 2, 2, 2, 4 ),
 ( 0.000000000000000000, 0.0007292302075752299904, 0.001458460415150459981, 0.002187690622725689971, 0.002916920830300919962 ),
 .UNSPECIFIED. ) ;
#2655 = PLANE ( 'NONE',  #2060 ) ;
#2656 = DIRECTION ( 'NONE',  ( 0.000000000000000000, 0.000000000000000000, 1.000000000000000000 ) ) ;
#2657 = DIRECTION ( 'NONE',  ( 1.000000000000000000, 0.000000000000000000, 0.000000000000000000 ) ) ;
#2658 = LINE ( 'NONE', #1757, #2573 ) ;
#2659 = VECTOR ( 'NONE', #1398, 1000.000000000000000 ) ;
#2660 = VERTEX_POINT ( 'NONE', #483 ) ;
#2661 = CARTESIAN_POINT ( 'NONE',  ( -7.686988626896833487, 0.01257009533526523212, 2.343494313448428290 ) ) ;
#2662 = CARTESIAN_POINT ( 'NONE',  ( -11.53048294034528531, 3.856064408783717479, -2.600000000000000089 ) ) ;
#2663 = FACE_OUTER_BOUND ( 'NONE', #1384, .T. ) ;
#2664 = PERSON_AND_ORGANIZATION ( #2575, #114 ) ;
#2665 = EDGE_CURVE ( 'NONE', #1650, #2191, #2100, .T. ) ;
#2666 = DIRECTION ( 'NONE',  ( 1.224646799147353207E-16, 1.000000000000000000, 0.000000000000000000 ) ) ;
#2667 = EDGE_CURVE ( 'NONE', #1202, #806, #1735, .T. ) ;
#2668 = AXIS2_PLACEMENT_3D ( 'NONE', #30, #1550, #1577 ) ;
#2669 = ORIENTED_EDGE ( 'NONE', *, *, #74, .T. ) ;
#2670 = LINE ( 'NONE', #227, #1432 ) ;
#2671 = CIRCLE ( 'NONE', #1126, 22.69999999999999929 ) ;
#2672 = CARTESIAN_POINT ( 'NONE',  ( 13.61180553784144465, -13.61180553784025449, -0.5000000000000000000 ) ) ;
#2673 = DIRECTION ( 'NONE',  ( -0.000000000000000000, -0.000000000000000000, 1.000000000000000000 ) ) ;
#2674 = VECTOR ( 'NONE', #2656, 1000.000000000000000 ) ;
#2675 = ORIENTED_EDGE ( 'NONE', *, *, #1141, .F. ) ;
#2676 = CARTESIAN_POINT ( 'NONE',  ( 11.31180553784091813, 13.61180553784106451, -2.000000000000000000 ) ) ;
#2677 = CARTESIAN_POINT ( 'NONE',  ( -13.61180553784106806, 13.61180553784100944, -0.5000000000000000000 ) ) ;
#2678 = CARTESIAN_POINT ( 'NONE',  ( -16.11180553784109648, 13.61180553784100944, -4.000000000000000000 ) ) ;
#2679 = TOROIDAL_SURFACE ( 'NONE', #1082, 2.800000000000203215, 0.5000000000000000000 ) ;
#2680 = CARTESIAN_POINT ( 'NONE',  ( 4.374452428089294465, -16.25467321471739268, -4.000000000000000000 ) ) ;
#2681 = ORIENTED_EDGE ( 'NONE', *, *, #1134, .T. ) ;
#2682 = CARTESIAN_POINT ( 'NONE',  ( 23.70253151036826011, -6.200000000000000178, -9.500000000000000000 ) ) ;
#2683 = ADVANCED_FACE ( 'NONE', ( #2243 ), #2655, .F. ) ;
#2684 = CARTESIAN_POINT ( 'NONE',  ( 0.000000000000000000, 0.000000000000000000, -10.50000000000000000 ) ) ;
#2685 = CARTESIAN_POINT ( 'NONE',  ( -11.31180553784080978, -13.61180553784106451, -2.000000000000000000 ) ) ;
#2686 = CIRCLE ( 'NONE', #454, 2.800000000000730793 ) ;
#2687 = CARTESIAN_POINT ( 'NONE',  ( -17.19312813533616691, 0.000000000000000000, -4.000000000000000000 ) ) ;
#2688 = CARTESIAN_POINT ( 'NONE',  ( 12.36180553784103964, -13.61180553784101299, -4.000000000000000000 ) ) ;
#2689 = CARTESIAN_POINT ( 'NONE',  ( 0.000000000000000000, 0.000000000000000000, -5.000000000000000000 ) ) ;
#2690 = CARTESIAN_POINT ( 'NONE',  ( -11.31180553784103715, 13.61180553784100944, -2.000000000000000000 ) ) ;
#2691 = DIRECTION ( 'NONE',  ( -0.000000000000000000, 0.000000000000000000, 1.000000000000000000 ) ) ;
#2692 = ORIENTED_EDGE ( 'NONE', *, *, #2397, .F. ) ;
#2693 = DIRECTION ( 'NONE',  ( 0.000000000000000000, 0.000000000000000000, 1.000000000000000000 ) ) ;
#2694 = CARTESIAN_POINT ( 'NONE',  ( -15.69312813533679041, 3.856064408783717479, -1.499999999999987566 ) ) ;
#2695 = FACE_BOUND ( 'NONE', #1257, .T. ) ;
#2696 = EDGE_CURVE ( 'NONE', #851, #1027, #442, .T. ) ;
#2697 = VECTOR ( 'NONE', #1855, 1000.000000000000000 ) ;
#2698 = AXIS2_PLACEMENT_3D ( 'NONE', #2268, #2052, #62 ) ;
#2699 = EDGE_CURVE ( 'NONE', #103, #2181, #339, .T. ) ;
#2700 = CARTESIAN_POINT ( 'NONE',  ( -16.15844076233007343, -17.26005550586760506, -0.1341706389398731325 ) ) ;
#2701 = DIRECTION ( 'NONE',  ( 0.000000000000000000, 0.000000000000000000, -1.000000000000000000 ) ) ;
#2702 = EDGE_CURVE ( 'NONE', #226, #2181, #1496, .T. ) ;
#2703 = FACE_OUTER_BOUND ( 'NONE', #1081, .T. ) ;
#2704 = CARTESIAN_POINT ( 'NONE',  ( -13.61180553784106806, 13.61180553784100944, -2.000000000000000000 ) ) ;
#2705 = LINE ( 'NONE', #707, #1171 ) ;
#2706 = VERTEX_POINT ( 'NONE', #2422 ) ;
#2707 = FACE_OUTER_BOUND ( 'NONE', #1949, .T. ) ;
#2708 = AXIS2_PLACEMENT_3D ( 'NONE', #2531, #530, #2382 ) ;
#2709 = FACE_OUTER_BOUND ( 'NONE', #1313, .T. ) ;
#2710 = AXIS2_PLACEMENT_3D ( 'NONE', #64, #2518, #574 ) ;
#2711 = AXIS2_PLACEMENT_3D ( 'NONE', #2262, #1314, #2235 ) ;
#2712 = FACE_OUTER_BOUND ( 'NONE', #713, .T. ) ;
#2713 = ORIENTED_EDGE ( 'NONE', *, *, #459, .T. ) ;
#2714 = VECTOR ( 'NONE', #610, 1000.000000000000000 ) ;
#2715 = CARTESIAN_POINT ( 'NONE',  ( -15.68712891412819133, -17.26005550586760506, -0.02551339099710484698 ) ) ;
#2716 = LINE ( 'NONE', #773, #1872 ) ;
#2717 = CARTESIAN_POINT ( 'NONE',  ( 13.61180553784107161, -13.61180553784101299, -4.000000000000000000 ) ) ;
#2718 = EDGE_CURVE ( 'NONE', #1684, #2325, #1559, .T. ) ;
#2719 = ADVANCED_FACE ( 'NONE', ( #455 ), #155, .T. ) ;
#2720 = DIRECTION ( 'NONE',  ( -0.000000000000000000, 0.000000000000000000, 1.000000000000000000 ) ) ;
#2721 = EDGE_CURVE ( 'NONE', #2279, #2170, #2805, .T. ) ;
#2722 = CARTESIAN_POINT ( 'NONE',  ( -0.000000000000000000, 2.356064408783718367, -2.600000000000000089 ) ) ;
#2723 = ORIENTED_EDGE ( 'NONE', *, *, #2504, .T. ) ;
#2724 = CARTESIAN_POINT ( 'NONE',  ( 0.000000000000000000, 0.000000000000000000, -9.500000000000000000 ) ) ;
#2725 = DIRECTION ( 'NONE',  ( 1.000000000000000000, 0.000000000000000000, 0.000000000000000000 ) ) ;
#2726 = LINE ( 'NONE', #2230, #1366 ) ;
#2727 = VERTEX_POINT ( 'NONE', #1115 ) ;
#2728 = LINE ( 'NONE', #300, #2244 ) ;
#2729 = DIRECTION ( 'NONE',  ( -1.000000000000000000, 0.000000000000000000, 0.000000000000000000 ) ) ;
#2730 = DIRECTION ( 'NONE',  ( 0.000000000000000000, 0.000000000000000000, 1.000000000000000000 ) ) ;
#2731 = AXIS2_PLACEMENT_3D ( 'NONE', #1673, #2741, #1908 ) ;
#2732 = ORIENTED_EDGE ( 'NONE', *, *, #848, .F. ) ;
#2733 = EDGE_CURVE ( 'NONE', #564, #2584, #1796, .T. ) ;
#2734 = EDGE_CURVE ( 'NONE', #377, #2727, #1352, .T. ) ;
#2735 = EDGE_LOOP ( 'NONE', ( #2416, #1165, #2104, #555 ) ) ;
#2736 = CARTESIAN_POINT ( 'NONE',  ( -11.11180553784103608, 13.61180553784100944, -4.000000000000000000 ) ) ;
#2737 = FACE_OUTER_BOUND ( 'NONE', #2344, .T. ) ;
#2738 = EDGE_CURVE ( 'NONE', #733, #2181, #917, .T. ) ;
#2739 = DIRECTION ( 'NONE',  ( 0.000000000000000000, -0.000000000000000000, -1.000000000000000000 ) ) ;
#2740 = ORIENTED_EDGE ( 'NONE', *, *, #1539, .T. ) ;
#2741 = DIRECTION ( 'NONE',  ( -0.000000000000000000, 0.000000000000000000, 1.000000000000000000 ) ) ;
#2742 = CIRCLE ( 'NONE', #1431, 2.300000000000031353 ) ;
#2743 = AXIS2_PLACEMENT_3D ( 'NONE', #2724, #1405, #1819 ) ;
#2744 = CARTESIAN_POINT ( 'NONE',  ( 0.000000000000000000, -14.99675905516700070, -4.000000000000000000 ) ) ;
#2745 = DIRECTION ( 'NONE',  ( 0.000000000000000000, 0.000000000000000000, 1.000000000000000000 ) ) ;
#2746 = VERTEX_POINT ( 'NONE', #271 ) ;
#2747 = DIRECTION ( 'NONE',  ( 1.000000000000000000, 8.881784197001252323E-16, 0.000000000000000000 ) ) ;
#2748 = EDGE_LOOP ( 'NONE', ( #184, #857 ) ) ;
#2749 = DIRECTION ( 'NONE',  ( -1.000000000000000000, 0.000000000000000000, 0.000000000000000000 ) ) ;
#2750 = EDGE_CURVE ( 'NONE', #2373, #1603, #1146, .T. ) ;
#2751 = FACE_OUTER_BOUND ( 'NONE', #195, .T. ) ;
#2752 = CARTESIAN_POINT ( 'NONE',  ( -8.530482940345283538, 7.699999999999998401, -4.000000000000000000 ) ) ;
#2753 = EDGE_LOOP ( 'NONE', ( #122, #1409, #515, #202, #1750, #2375 ) ) ;
#2754 = VECTOR ( 'NONE', #879, 1000.000000000000000 ) ;
#2755 = AXIS2_PLACEMENT_3D ( 'NONE', #29, #1148, #1118 ) ;
#2756 = LINE ( 'NONE', #1203, #1045 ) ;
#2757 = CARTESIAN_POINT ( 'NONE',  ( -13.61180553784106806, 13.61180553784100944, -4.000000000000000000 ) ) ;
#2758 = FACE_BOUND ( 'NONE', #611, .T. ) ;
#2759 = CIRCLE ( 'NONE', #389, 2.500000000000054179 ) ;
#2760 = VECTOR ( 'NONE', #2093, 1000.000000000000000 ) ;
#2761 = EDGE_LOOP ( 'NONE', ( #1642, #2436, #1464, #1537 ) ) ;
#2762 = CARTESIAN_POINT ( 'NONE',  ( -13.61180553784101299, -13.61180553784106451, -2.000000000000000000 ) ) ;
#2763 = CIRCLE ( 'NONE', #393, 2.800000000000087308 ) ;
#2764 = ORIENTED_EDGE ( 'NONE', *, *, #1777, .T. ) ;
#2765 = DIRECTION ( 'NONE',  ( -0.000000000000000000, 0.000000000000000000, 1.000000000000000000 ) ) ;
#2766 = ORIENTED_EDGE ( 'NONE', *, *, #373, .F. ) ;
#2767 = PLANE ( 'NONE',  #854 ) ;
#2768 = VERTEX_POINT ( 'NONE', #641 ) ;
#2769 = ADVANCED_FACE ( 'NONE', ( #1307 ), #1982, .T. ) ;
#2770 = DIRECTION ( 'NONE',  ( 1.000000000000000000, 0.000000000000000000, 0.000000000000000000 ) ) ;
#2771 = ADVANCED_FACE ( 'NONE', ( #1240 ), #2572, .T. ) ;
#2772 = LINE ( 'NONE', #729, #813 ) ;
#2773 = EDGE_CURVE ( 'NONE', #1671, #2419, #951, .T. ) ;
#2774 = FACE_OUTER_BOUND ( 'NONE', #2761, .T. ) ;
#2775 = ORIENTED_EDGE ( 'NONE', *, *, #476, .T. ) ;
#2776 = CARTESIAN_POINT ( 'NONE',  ( 23.70253151036826011, -6.200000000000000178, -5.000000000000000000 ) ) ;
#2777 = AXIS2_PLACEMENT_3D ( 'NONE', #2779, #1446, #546 ) ;
#2778 = ORIENTED_EDGE ( 'NONE', *, *, #1442, .F. ) ;
#2779 = CARTESIAN_POINT ( 'NONE',  ( 0.000000000000000000, 0.000000000000000000, -6.000000000000000000 ) ) ;
#2780 = VERTEX_POINT ( 'NONE', #711 ) ;
#2781 = LINE ( 'NONE', #769, #257 ) ;
#2782 = ORIENTED_EDGE ( 'NONE', *, *, #2219, .F. ) ;
#2783 = ORIENTED_EDGE ( 'NONE', *, *, #331, .T. ) ;
#2784 = DIRECTION ( 'NONE',  ( 1.000000000000000000, 0.000000000000000000, 0.000000000000000000 ) ) ;
#2785 = ADVANCED_FACE ( 'NONE', ( #1015 ), #941, .F. ) ;
#2786 = LINE ( 'NONE', #819, #1179 ) ;
#2787 = CARTESIAN_POINT ( 'NONE',  ( -13.61180553784106806, 13.61180553784100944, -2.000000000000000000 ) ) ;
#2788 = ADVANCED_FACE ( 'NONE', ( #1458 ), #724, .F. ) ;
#2789 = EDGE_LOOP ( 'NONE', ( #1059, #219, #2064, #618 ) ) ;
#2790 = EDGE_CURVE ( 'NONE', #1019, #619, #65, .T. ) ;
#2791 = DIRECTION ( 'NONE',  ( 0.000000000000000000, -0.000000000000000000, -1.000000000000000000 ) ) ;
#2792 = VECTOR ( 'NONE', #1701, 1000.000000000000000 ) ;
#2793 = VERTEX_POINT ( 'NONE', #1837 ) ;
#2794 = DIRECTION ( 'NONE',  ( 0.000000000000000000, -1.000000000000000000, 0.000000000000000000 ) ) ;
#2795 = AXIS2_PLACEMENT_3D ( 'NONE', #512, #84, #312 ) ;
#2796 = ORIENTED_EDGE ( 'NONE', *, *, #2341, .F. ) ;
#2797 = LINE ( 'NONE', #1450, #2018 ) ;
#2798 = ORIENTED_EDGE ( 'NONE', *, *, #89, .F. ) ;
#2799 = EDGE_LOOP ( 'NONE', ( #410, #333, #1623, #1612 ) ) ;
#2800 = PLANE ( 'NONE',  #2731 ) ;
#2801 = CARTESIAN_POINT ( 'NONE',  ( -4.374452428089294465, -9.814665547863189232, -2.600000000000000089 ) ) ;
#2802 = DIRECTION ( 'NONE',  ( 1.000000000000000000, 0.000000000000000000, 0.000000000000000000 ) ) ;
#2803 = ORIENTED_EDGE ( 'NONE', *, *, #1747, .F. ) ;
#2804 = EDGE_LOOP ( 'NONE', ( #877, #1080, #409, #796 ) ) ;
#2805 = CIRCLE ( 'NONE', #479, 0.5000000000000004441 ) ;
#2806 = VECTOR ( 'NONE', #1120, 1000.000000000000114 ) ;
#2807 = DIRECTION ( 'NONE',  ( -0.000000000000000000, -0.000000000000000000, 1.000000000000000000 ) ) ;
#2808 = VECTOR ( 'NONE', #938, 1000.000000000000000 ) ;
#2809 = ADVANCED_FACE ( 'NONE', ( #2737 ), #1260, .T. ) ;
#2810 = DIRECTION ( 'NONE',  ( 0.000000000000000000, 0.000000000000000000, 1.000000000000000000 ) ) ;
#2811 = CIRCLE ( 'NONE', #1692, 2.300000000000086864 ) ;
#2812 = CARTESIAN_POINT ( 'NONE',  ( 13.61180553784144465, -13.61180553784025449, 0.000000000000000000 ) ) ;
#2813 = ORIENTED_EDGE ( 'NONE', *, *, #1707, .F. ) ;
#2814 = LINE ( 'NONE', #1476, #1786 ) ;
#2815 = ORIENTED_EDGE ( 'NONE', *, *, #1900, .T. ) ;
#2816 = ORIENTED_EDGE ( 'NONE', *, *, #615, .T. ) ;
#2817 = DIRECTION ( 'NONE',  ( 0.000000000000000000, -1.000000000000000000, 0.000000000000000000 ) ) ;
#2818 = DIRECTION ( 'NONE',  ( -0.000000000000000000, -0.000000000000000000, 1.000000000000000000 ) ) ;
#2819 = CARTESIAN_POINT ( 'NONE',  ( -13.61180553784106806, 13.61180553784100944, -4.000000000000000000 ) ) ;
#2820 = ORIENTED_EDGE ( 'NONE', *, *, #1592, .F. ) ;
#2821 = ORIENTED_EDGE ( 'NONE', *, *, #126, .T. ) ;
#2822 = CARTESIAN_POINT ( 'NONE',  ( 17.04075168064092693, -14.99675905516700070, -4.000000000000000000 ) ) ;
#2823 = APPROVAL_ROLE ( '' ) ;
#2824 = ADVANCED_FACE ( 'NONE', ( #2369 ), #2507, .T. ) ;
#2825 = DIRECTION ( 'NONE',  ( 0.000000000000000000, 0.000000000000000000, 1.000000000000000000 ) ) ;
#2826 = AXIS2_PLACEMENT_3D ( 'NONE', #779, #2547, #561 ) ;
#2827 = ADVANCED_FACE ( 'NONE', ( #2352, #359 ), #2281, .F. ) ;
#2828 = ORIENTED_EDGE ( 'NONE', *, *, #717, .T. ) ;
#2829 = CARTESIAN_POINT ( 'NONE',  ( -13.61180553784082470, -13.61180553784087799, -2.000000000000000000 ) ) ;
#2830 = ORIENTED_EDGE ( 'NONE', *, *, #523, .T. ) ;
#2831 = EDGE_LOOP ( 'NONE', ( #203, #529, #1521, #1720 ) ) ;
#2832 = ADVANCED_FACE ( 'NONE', ( #2079 ), #1699, .T. ) ;
#2833 = DIRECTION ( 'NONE',  ( -0.000000000000000000, 0.000000000000000000, 1.000000000000000000 ) ) ;
#2834 = LINE ( 'NONE', #1454, #2362 ) ;
#2835 = CARTESIAN_POINT ( 'NONE',  ( 23.70253151036826011, 6.200000000000000178, -9.500000000000000000 ) ) ;
#2836 = VERTEX_POINT ( 'NONE', #2149 ) ;
#2837 = VERTEX_POINT ( 'NONE', #93 ) ;
#2838 = FACE_BOUND ( 'NONE', #831, .T. ) ;
#2839 = COORDINATED_UNIVERSAL_TIME_OFFSET ( 8, 0, .AHEAD. ) ;
#2840 = AXIS2_PLACEMENT_3D ( 'NONE', #762, #570, #730 ) ;
#2841 = CIRCLE ( 'NONE', #1954, 24.50000000000000711 ) ;
#2842 = ORIENTED_EDGE ( 'NONE', *, *, #1110, .F. ) ;
#2843 = CARTESIAN_POINT ( 'NONE',  ( 0.000000000000000000, 0.000000000000000000, -2.600000000000000089 ) ) ;
#2844 = ORIENTED_EDGE ( 'NONE', *, *, #2341, .T. ) ;
#2845 = ORIENTED_EDGE ( 'NONE', *, *, #2721, .F. ) ;
#2846 = EDGE_CURVE ( 'NONE', #2404, #2002, #1156, .T. ) ;
#2847 = ADVANCED_FACE ( 'NONE', ( #2751 ), #1601, .T. ) ;
#2848 = CARTESIAN_POINT ( 'NONE',  ( 0.000000000000000000, -16.25467321471739268, -6.000000000000000000 ) ) ;
#2849 = CARTESIAN_POINT ( 'NONE',  ( -13.61180553784101299, -13.61180553784106451, -2.000000000000000000 ) ) ;
#2850 = ORIENTED_EDGE ( 'NONE', *, *, #1107, .T. ) ;
#2851 = ORIENTED_EDGE ( 'NONE', *, *, #1756, .F. ) ;
#2852 = FACE_OUTER_BOUND ( 'NONE', #582, .T. ) ;
#2853 = AXIS2_PLACEMENT_3D ( 'NONE', #88, #1649, #2544 ) ;
#2854 = DIRECTION ( 'NONE',  ( -1.000000000000000000, 0.000000000000000000, 0.000000000000000000 ) ) ;
#2855 = VECTOR ( 'NONE', #70, 1000.000000000000000 ) ;
#2856 = AXIS2_PLACEMENT_3D ( 'NONE', #1519, #177, #1992 ) ;
#2857 = CIRCLE ( 'NONE', #2624, 0.5000000000000004441 ) ;
#2858 = ORIENTED_EDGE ( 'NONE', *, *, #1269, .T. ) ;
#2859 = CARTESIAN_POINT ( 'NONE',  ( 13.61180553784100589, 13.61180553784106451, -4.000000000000000000 ) ) ;
#2860 = ORIENTED_EDGE ( 'NONE', *, *, #526, .T. ) ;
#2861 = ORIENTED_EDGE ( 'NONE', *, *, #2554, .F. ) ;
#2862 = DIRECTION ( 'NONE',  ( 0.000000000000000000, -1.000000000000000000, 0.000000000000000000 ) ) ;
#2863 = DIRECTION ( 'NONE',  ( 0.000000000000000000, 0.000000000000000000, 1.000000000000000000 ) ) ;
#2864 = EDGE_CURVE ( 'NONE', #95, #1988, #145, .T. ) ;
#2865 = ORIENTED_EDGE ( 'NONE', *, *, #827, .F. ) ;
#2866 = EDGE_CURVE ( 'NONE', #210, #2002, #809, .T. ) ;
#2867 = ORIENTED_EDGE ( 'NONE', *, *, #1700, .F. ) ;
#2868 = DIRECTION ( 'NONE',  ( 1.000000000000000000, 0.000000000000000000, 0.000000000000000000 ) ) ;
#2869 = DIRECTION ( 'NONE',  ( 0.000000000000000000, 0.000000000000000000, -1.000000000000000000 ) ) ;
#2870 = PERSON_AND_ORGANIZATION ( #2575, #114 ) ;
#2871 = ADVANCED_FACE ( 'NONE', ( #2709 ), #2494, .T. ) ;
#2872 = ORIENTED_EDGE ( 'NONE', *, *, #1227, .F. ) ;
#2873 = CARTESIAN_POINT ( 'NONE',  ( 13.61180553784100589, 13.61180553784106451, -0.5000000000000000000 ) ) ;
#2874 = ORIENTED_EDGE ( 'NONE', *, *, #421, .F. ) ;
#2875 = ORIENTED_EDGE ( 'NONE', *, *, #2734, .T. ) ;
#2876 = VECTOR ( 'NONE', #2794, 1000.000000000000000 ) ;
#2877 = DIRECTION ( 'NONE',  ( 1.000000000000000000, -0.000000000000000000, 0.000000000000000000 ) ) ;
#2878 = DIRECTION ( 'NONE',  ( 0.000000000000000000, 0.000000000000000000, 1.000000000000000000 ) ) ;
#2879 = CARTESIAN_POINT ( 'NONE',  ( -15.84536521140326393, -16.25467321471739979, -5.332721696718365934 ) ) ;
#2880 = AXIS2_PLACEMENT_3D ( 'NONE', #2849, #2348, #2631 ) ;
#2881 = ORIENTED_EDGE ( 'NONE', *, *, #636, .F. ) ;
#2882 = ORIENTED_EDGE ( 'NONE', *, *, #490, .T. ) ;
#2883 = CARTESIAN_POINT ( 'NONE',  ( 15.36306507241939912, -16.71173928648904905, -5.928336761696503920 ) ) ;
#2884 = CARTESIAN_POINT ( 'NONE',  ( 4.374452428089294465, 0.000000000000000000, -4.000000000000000000 ) ) ;
ENDSEC;
END-ISO-10303-21;
